"","Gene_Locus_ID","COG_ID","COG_Category"
"1","CD630_20340","COG0002","Arginine biosynthesis"
"2","CD630_12240","COG0005","Purine salvage"
"3","CD630_22610","COG0006",""
"4","CD630_23470","COG0006",""
"5","CD630_26130","COG0006",""
"6","CD630_24850","COG0006",""
"7","CD630_34420","COG0006",""
"8","CD630_34200","COG0007","Cobalamine/B12 biosynthesis"
"9","CD630_00510","COG0008","Heme biosynthesis"
"10","CD630_20590","COG0008","Heme biosynthesis"
"11","CD630_34820","COG0009","tRNA modification"
"12","CD630_08910","COG0010","Urea cycle"
"13","CD630_19801","COG0011",""
"14","CD630_26620","COG0012",""
"15","CD630_21630","COG0013","Aminoacyl-tRNA synthetases"
"16","CD630_12820","COG0013","Aminoacyl-tRNA synthetases"
"17","CD630_13340","COG0015","Purine biosynthesis"
"18","CD630_06990","COG0016","Aminoacyl-tRNA synthetases"
"19","CD630_22450","COG0017","Aminoacyl-tRNA synthetases"
"20","CD630_07110","COG0018","Aminoacyl-tRNA synthetases"
"21","CD630_20530","COG0019","Lysine biosynthesis"
"22","CD630_18080","COG0019","Lysine biosynthesis"
"23","CD630_27620","COG0020",""
"24","CD630_21360","COG0020",""
"25","CD630_00370","COG0022","Pyruvate oxidation"
"26","CD630_00920","COG0024",""
"27","CD630_15960","COG0024",""
"28","CD630_26691","COG0025",""
"29","CD630_06570","COG0025",""
"30","CD630_15660","COG0028","Isoleucine, leucine, valine biosynthesis"
"31","CD630_23710","COG0029","NAD biosynthesis"
"32","CD630_20070","COG0030","16S rRNA modification"
"33","CD630_20100","COG0030","16S rRNA modification"
"34","CD630_35230","COG0030","16S rRNA modification"
"35","CD630_15940","COG0031","Cysteine biosynthesis"
"36","CD630_16650","COG0031","Cysteine biosynthesis"
"37","CD630_04440","COG0031","Cysteine biosynthesis"
"38","CD630_02200","COG0034","Purine biosynthesis"
"39","CD630_34790","COG0035","Pyrimidine salvage"
"40","CD630_25750","COG0036","Pentose phosphate pathway"
"41","CD630_23190","COG0036","Pentose phosphate pathway"
"42","CD630_31090","COG0036","Pentose phosphate pathway"
"43","CD630_36020","COG0037","tRNA modification"
"44","CD630_35600","COG0037","tRNA modification"
"45","CD630_23980","COG0037","tRNA modification"
"46","CD630_06060","COG0038",""
"47","CD630_06560","COG0038",""
"48","CD630_21640","COG0039","TCA cycle"
"49","CD630_15480","COG0040","Histidine biosynthesis"
"50","CD630_02180","COG0041","Purine biosynthesis"
"51","CD630_35540","COG0042","tRNA modification"
"52","CD630_15260","COG0044","Pyrimidine biosynthesis"
"53","CD630_20830","COG0044","Pyrimidine biosynthesis"
"54","CD630_31780","COG0044","Pyrimidine biosynthesis"
"55","CD630_02250","COG0046","Purine biosynthesis"
"56","CD630_02250","COG0047","Purine biosynthesis"
"57","CD630_00680","COG0048","Ribosome 30S subunit"
"58","CD630_00690","COG0049","Ribosome 30S subunit"
"59","CD630_00580","COG0050","Translation factors"
"60","CD630_00710","COG0050","Translation factors"
"61","CD630_00720","COG0051","Ribosome 30S subunit"
"62","CD630_21400","COG0052","Ribosome 30S subunit"
"63","CD630_28320","COG0053",""
"64","CD630_09020","COG0053",""
"65","CD630_35200","COG0053",""
"66","CD630_16970","COG0054","Riboflavin/FAD biosynthesis"
"67","CD630_34680","COG0055","FoF1-type ATP synthase"
"68","CD630_34700","COG0056","FoF1-type ATP synthase"
"69","CD630_17670","COG0057","Glycolysis"
"70","CD630_31740","COG0057","Glycolysis"
"71","CD630_08850","COG0058",""
"72","CD630_15650","COG0059","Isoleucine, leucine, valine biosynthesis"
"73","CD630_26180","COG0060","Aminoacyl-tRNA synthetases"
"74","CD630_10490","COG0061",""
"75","CD630_08790","COG0062",""
"76","CD630_08790","COG0063",""
"77","CD630_09900","COG0065","Isoleucine, leucine, valine biosynthesis"
"78","CD630_09910","COG0066","Isoleucine, leucine, valine biosynthesis"
"79","CD630_08280","COG0069","Glutamine biosynthesis"
"80","CD630_07000","COG0072","Aminoacyl-tRNA synthetases"
"81","CD630_07000","COG0073",""
"82","CD630_35400","COG0073",""
"83","CD630_07400","COG0075","Serine biosynthesis"
"84","CD630_09940","COG0075","Serine biosynthesis"
"85","CD630_25320","COG0075","Serine biosynthesis"
"86","CD630_28490","COG0075","Serine biosynthesis"
"87","CD630_18360","COG0077","Aromatic amino acid biosynthesis"
"88","CD630_20300","COG0078","Arginine biosynthesis"
"89","CD630_15490","COG0079","Cobalamine/B12 biosynthesis"
"90","CD630_25020","COG0079","Cobalamine/B12 biosynthesis"
"91","CD630_26920","COG0079","Cobalamine/B12 biosynthesis"
"92","CD630_22000","COG0079","Cobalamine/B12 biosynthesis"
"93","CD630_34320","COG0079","Cobalamine/B12 biosynthesis"
"94","CD630_00610","COG0080","Ribosome 50S subunit"
"95","CD630_00620","COG0081","Ribosome 50S subunit"
"96","CD630_18350","COG0082","Aromatic amino acid biosynthesis"
"97","CD630_21190","COG0083","Threonine biosynthesis"
"98","CD630_35390","COG0084",""
"99","CD630_00660","COG0085","RNA polymerase"
"100","CD630_00660","COG0085","RNA polymerase"
"101","CD630_00670","COG0086","Pyridoxal phosphate biosynthesis"
"102","CD630_00670","COG0086","Pyridoxal phosphate biosynthesis"
"103","CD630_00520","COG0215","Aminoacyl-tRNA synthetases"
"104","CD630_34840","COG0216","Translation factors"
"105","CD630_29330","COG0216","Translation factors"
"106","CD630_07950","COG0217",""
"107","CD630_33000","COG0218",""
"108","CD630_05660","COG0219","Pyridoxal phosphate biosynthesis"
"109","CD630_13000","COG0260",""
"110","CD630_11610","COG0261","Ribosome 50S subunit"
"111","CD630_21390","COG0264","Translation factors"
"112","CD630_16330","COG0265",""
"113","CD630_32840","COG0265",""
"114","CD630_00581","COG0267","Ribosome 50S subunit"
"115","CD630_24730","COG0268","Ribosome 30S subunit"
"116","CD630_09270","COG0270",""
"117","CD630_31470","COG0270",""
"118","CD630_31470","COG0270",""
"119","CD630_33090","COG0272",""
"120","CD630_15020","COG0274",""
"121","CD630_26580","COG0275","16S rRNA modification"
"122","CD630_20490","COG0275","16S rRNA modification"
"123","CD630_11730","COG0277",""
"124","CD630_07150","COG0280",""
"125","CD630_01120","COG0280",""
"126","CD630_24250","COG0280",""
"127","CD630_10050","COG0281","Urea cycle"
"128","CD630_11750","COG0282",""
"129","CD630_18160","COG0283",""
"130","CD630_35920","COG0284","23S rRNA modification"
"131","CD630_14500","COG0294","Folate biosynthesis"
"132","CD630_24380","COG0295","Pyrimidine salvage"
"133","CD630_25260","COG0296",""
"134","CD630_08840","COG0297",""
"135","CD630_02220","COG0299","Purine biosynthesis"
"136","CD630_06910","COG0300",""
"137","CD630_07540","COG0301","Thiamine biosynthesis"
"138","CD630_14490","COG0302","Folate biosynthesis"
"139","CD630_20690","COG0303","Molybdopterin biosynthesis"
"140","CD630_10810","COG0303","Molybdopterin biosynthesis"
"141","CD630_11840","COG0304","Fatty acid biosynthesis"
"142","CD630_36570","COG0305",""
"143","CD630_06260","COG0305",""
"144","CD630_16990","COG0307","Riboflavin/FAD biosynthesis"
"145","CD630_36520","COG0308",""
"146","CD630_03240","COG0310",""
"147","CD630_17140","COG0315","Molybdopterin biosynthesis"
"148","CD630_19430","COG0316",""
"149","CD630_27440","COG0317",""
"150","CD630_29690","COG0318","Menaquinone biosynthesis"
"151","CD630_24400","COG0319","16S rRNA modification"
"152","CD630_34100","COG0322",""
"153","CD630_19760","COG0323",""
"154","CD630_19750","COG0324","tRNA modification"
"155","CD630_26230","COG0325",""
"156","CD630_10750","COG0434",""
"157","CD630_13390","COG0436","Isoleucine, leucine, valine biosynthesis"
"158","CD630_25150","COG0436","Isoleucine, leucine, valine biosynthesis"
"159","CD630_28280","COG0436","Isoleucine, leucine, valine biosynthesis"
"160","CD630_01070","COG0436","Isoleucine, leucine, valine biosynthesis"
"161","CD630_01750","COG0437",""
"162","CD630_21780","COG0437",""
"163","CD630_08430","COG0438",""
"164","CD630_27700","COG0438",""
"165","CD630_05740","COG0441","Aminoacyl-tRNA synthetases"
"166","CD630_05570","COG0441","Aminoacyl-tRNA synthetases"
"167","CD630_00490","COG0442","Aminoacyl-tRNA synthetases"
"168","CD630_00500","COG0442","Aminoacyl-tRNA synthetases"
"169","CD630_24610","COG0443",""
"170","CD630_08560","COG0444",""
"171","CD630_26710","COG0444",""
"172","CD630_36750","COG0445","tRNA modification"
"173","CD630_25400","COG0446",""
"174","CD630_17970","COG0446",""
"175","CD630_08830","COG0448",""
"176","CD630_08820","COG0448",""
"177","CD630_01200","COG0449",""
"178","CD630_32750","COG0449",""
"179","CD630_14330","COG0450",""
"180","CD630_17920","COG0451",""
"181","CD630_36040","COG0451",""
"182","CD630_25870","COG0452","Pantothenate/CoA biosynthesis"
"183","CD630_02650","COG0455",""
"184","CD630_06370","COG0456",""
"185","CD630_12120","COG0456",""
"186","CD630_21620","COG0456",""
"187","CD630_29730","COG0456",""
"188","CD630_12110","COG0456",""
"189","CD630_36190","COG0456",""
"190","CD630_01510","COG0456",""
"191","CD630_06750","COG0456",""
"192","CD630_35900","COG0458","Arginine biosynthesis"
"193","CD630_35880","COG0458","Arginine biosynthesis"
"194","CD630_35880","COG0458","Arginine biosynthesis"
"195","CD630_35900","COG0458","Arginine biosynthesis"
"196","CD630_01940","COG0459",""
"197","CD630_11660","COG0460","Methionine biosynthesis"
"198","CD630_15800","COG0460","Methionine biosynthesis"
"199","CD630_01870","COG0461","Pyrimidine biosynthesis"
"200","CD630_35140","COG0462","Histidine biosynthesis, Purine biosynthesis"
"201","CD630_12170","COG0463",""
"202","CD630_33500","COG0463",""
"203","CD630_27730","COG0463",""
"204","CD630_02400","COG0463",""
"205","CD630_27720","COG0463",""
"206","CD630_27740","COG0463",""
"207","CD630_27760","COG0463",""
"208","CD630_35590","COG0465",""
"209","CD630_18280","COG0465",""
"210","CD630_06840","COG0465",""
"211","CD630_33010","COG0466",""
"212","CD630_13280","COG0468",""
"213","CD630_33940","COG0469","Glycolysis"
"214","CD630_21090","COG0471",""
"215","CD630_12180","COG0472","Mureine biosynthesis"
"216","CD630_26540","COG0472","Mureine biosynthesis"
"217","CD630_08340","COG0473","TCA cycle"
"218","CD630_09920","COG0473","TCA cycle"
"219","CD630_16370","COG0474",""
"220","CD630_18240","COG0474",""
"221","CD630_28330","COG0474",""
"222","CD630_33770","COG0474",""
"223","CD630_16590","COG0474",""
"224","CD630_33730","COG0474",""
"225","CD630_25030","COG0474",""
"226","CD630_00700","COG0480","Translation factors"
"227","CD630_00220","COG0480","Translation factors"
"228","CD630_05080","COG0480","Translation factors"
"229","CD630_24670","COG0481",""
"230","CD630_12810","COG0482","tRNA modification"
"231","CD630_24600","COG0484",""
"232","CD630_36760","COG0486","tRNA modification"
"233","CD630_20680","COG0488",""
"234","CD630_07850","COG0488",""
"235","CD630_33590","COG0488",""
"236","CD630_14050","COG0488",""
"237","CD630_01700","COG0488",""
"238","CD630_25930","COG0488",""
"239","CD630_17300","COG0489",""
"240","CD630_13830","COG0490",""
"241","CD630_03440","COG0491",""
"242","CD630_06550","COG0491",""
"243","CD630_04640","COG0491",""
"244","CD630_05270","COG0491",""
"245","CD630_27420","COG0491",""
"246","CD630_18020","COG0491",""
"247","CD630_23560","COG0492",""
"248","CD630_21170","COG0492",""
"249","CD630_16910","COG0492",""
"250","CD630_15370","COG0493","Glutamine biosynthesis"
"251","CD630_07900","COG0494",""
"252","CD630_19840","COG0494",""
"253","CD630_12200","COG0494",""
"254","CD630_25210","COG0495","Aminoacyl-tRNA synthetases"
"255","CD630_12090","COG0497",""
"256","CD630_21180","COG0498","Threonine biosynthesis"
"257","CD630_02970","COG0502","Biotin biosynthesis"
"258","CD630_21550","COG0502","Biotin biosynthesis"
"259","CD630_35170","COG0503","Purine salvage"
"260","CD630_27450","COG0503","Purine salvage"
"261","CD630_23300","COG0503","Purine salvage"
"262","CD630_35910","COG0505","Arginine biosynthesis"
"263","CD630_35890","COG0505","Arginine biosynthesis"
"264","CD630_01320","COG0507",""
"265","CD630_00390","COG0508","Pyruvate oxidation"
"266","CD630_00380","COG0508","Pyruvate oxidation"
"267","CD630_07290","COG0509","Glycine cleavage"
"268","CD630_19390","COG0511","Fatty acid biosynthesis"
"269","CD630_14450","COG0512","Aromatic amino acid biosynthesis"
"270","CD630_21060","COG0513",""
"271","CD630_08310","COG0513",""
"272","CD630_07610","COG0513",""
"273","CD630_21830","COG0513",""
"274","CD630_17010","COG0514",""
"275","CD630_17010","COG0514",""
"276","CD630_21480","COG0515",""
"277","CD630_25780","COG0515",""
"278","CD630_23350","COG0516","Purine biosynthesis"
"279","CD630_23350","COG0516","Purine biosynthesis"
"280","CD630_23350","COG0517",""
"281","CD630_03330","COG0517",""
"282","CD630_01980","COG0518","Purine biosynthesis"
"283","CD630_01980","COG0519","Purine biosynthesis"
"284","CD630_36700","COG0520",""
"285","CD630_30320","COG0520",""
"286","CD630_17120","COG0521","Molybdopterin biosynthesis"
"287","CD630_00970","COG0522","Ribosome 30S subunit"
"288","CD630_36400","COG0524","Glycolysis"
"289","CD630_18060","COG0524","Glycolysis"
"290","CD630_02990","COG0524","Glycolysis"
"291","CD630_32560","COG0525","Aminoacyl-tRNA synthetases"
"292","CD630_15070","COG0526",""
"293","CD630_18710","COG0526",""
"294","CD630_13220","COG0527","Lysine biosynthesis"
"295","CD630_20540","COG0527","Lysine biosynthesis"
"296","CD630_21380","COG0528","Pyrimidine biosynthesis"
"297","CD630_07600","COG0530",""
"298","CD630_15550","COG0531",""
"299","CD630_30920","COG0531",""
"300","CD630_11890","COG0531",""
"301","CD630_26120","COG0531",""
"302","CD630_01650","COG0531",""
"303","CD630_24650","COG0531",""
"304","CD630_13090","COG0532","Translation factors"
"305","CD630_12020","COG0533","tRNA modification"
"306","CD630_01520","COG0533","tRNA modification"
"307","CD630_09850","COG0534",""
"308","CD630_06300","COG0534",""
"309","CD630_15060","COG0534",""
"310","CD630_33610","COG0534",""
"311","CD630_04340","COG0534",""
"312","CD630_32070","COG0534",""
"313","CD630_28740","COG0534",""
"314","CD630_14180","COG0534",""
"315","CD630_15410","COG0534",""
"316","CD630_21080","COG0534",""
"317","CD630_28860","COG0534",""
"318","CD630_01690","COG0534",""
"319","CD630_20380","COG0534",""
"320","CD630_20030","COG0534",""
"321","CD630_03920","COG0535",""
"322","CD630_11640","COG0536",""
"323","CD630_24470","COG0537",""
"324","CD630_09860","COG0539","Ribosome 30S subunit"
"325","CD630_01840","COG0540","Pyrimidine biosynthesis"
"326","CD630_12520","COG0541",""
"327","CD630_20200","COG0542",""
"328","CD630_00260","COG0542",""
"329","CD630_15360","COG0543",""
"330","CD630_01850","COG0543",""
"331","CD630_22320","COG0543",""
"332","CD630_33060","COG0544",""
"333","CD630_25730","COG0546",""
"334","CD630_36050","COG0546",""
"335","CD630_04530","COG0546",""
"336","CD630_20320","COG0548","Arginine biosynthesis"
"337","CD630_12740","COG0550",""
"338","CD630_11060","COG0550",""
"339","CD630_24040","COG0550",""
"340","CD630_22750","COG0550",""
"341","CD630_04210","COG0550",""
"342","CD630_18590","COG0550",""
"343","CD630_12740","COG0551",""
"344","CD630_22750","COG0551",""
"345","CD630_12510","COG0552",""
"346","CD630_21800","COG0553",""
"347","CD630_13820","COG0554",""
"348","CD630_07410","COG0554",""
"349","CD630_23120","COG0555",""
"350","CD630_34120","COG0556",""
"351","CD630_31640","COG0557",""
"352","CD630_13270","COG0558","Phospholipid biosynthesis"
"353","CD630_09830","COG0560","Serine biosynthesis"
"354","CD630_02410","COG0560","Serine biosynthesis"
"355","CD630_03090","COG0560","Serine biosynthesis"
"356","CD630_23590","COG0561",""
"357","CD630_27640","COG0561",""
"358","CD630_16430","COG0561",""
"359","CD630_14100","COG0561",""
"360","CD630_25010","COG0561",""
"361","CD630_04670","COG0561",""
"362","CD630_31040","COG0561",""
"363","CD630_00910","COG0563","Pyrimidine biosynthesis"
"364","CD630_25960","COG0564","23S rRNA modification"
"365","CD630_35820","COG0564","23S rRNA modification"
"366","CD630_10600","COG0564","23S rRNA modification"
"367","CD630_14980","COG0568","RNA polymerase"
"368","CD630_14550","COG0568","RNA polymerase"
"369","CD630_06970","COG0569",""
"370","CD630_06060","COG0569",""
"371","CD630_12480","COG0571",""
"372","CD630_05570","COG0572","Pyrimidine salvage"
"373","CD630_32630","COG0573",""
"374","CD630_24100","COG0574","Gluconeogenesis"
"375","CD630_05820","COG0574","Gluconeogenesis"
"376","CD630_21350","COG0575","Phospholipid biosynthesis"
"377","CD630_24620","COG0576",""
"378","CD630_15330","COG0577",""
"379","CD630_03630","COG0577",""
"380","CD630_15270","COG0577",""
"381","CD630_03370","COG0577",""
"382","CD630_32620","COG0581",""
"383","CD630_19520","COG0583",""
"384","CD630_26750","COG0583",""
"385","CD630_27110","COG0583",""
"386","CD630_23450","COG0583",""
"387","CD630_17980","COG0583",""
"388","CD630_27360","COG0583",""
"389","CD630_10790","COG0583",""
"390","CD630_01890","COG0583",""
"391","CD630_36390","COG0583",""
"392","CD630_16660","COG0584",""
"393","CD630_14020","COG0584",""
"394","CD630_03140","COG0586",""
"395","CD630_33960","COG0587",""
"396","CD630_08120","COG0589",""
"397","CD630_00150","COG0590","Pyrimidine salvagetRNA modification"
"398","CD630_22020","COG0591",""
"399","CD630_22390","COG0591",""
"400","CD630_35750","COG0591",""
"401","CD630_06820","COG0591",""
"402","CD630_00020","COG0592",""
"403","CD630_00010","COG0593",""
"404","CD630_36790","COG0594",""
"405","CD630_12890","COG0595",""
"406","CD630_30410","COG0596","Menaquinone biosynthesis"
"407","CD630_21810","COG0596","Menaquinone biosynthesis"
"408","CD630_20120","COG0596","Menaquinone biosynthesis"
"409","CD630_28640","COG0596","Menaquinone biosynthesis"
"410","CD630_19970","COG0596","Menaquinone biosynthesis"
"411","CD630_06350","COG0596","Menaquinone biosynthesis"
"412","CD630_24710","COG0596","Menaquinone biosynthesis"
"413","CD630_15830","COG0596","Menaquinone biosynthesis"
"414","CD630_25970","COG0597",""
"415","CD630_19030","COG0597",""
"416","CD630_21220","COG0598",""
"417","CD630_18310","COG0598",""
"418","CD630_19930","COG0599",""
"419","CD630_19800","COG0600",""
"420","CD630_10000","COG0600",""
"421","CD630_19040","COG0600",""
"422","CD630_14820","COG0600",""
"423","CD630_29910","COG0600",""
"424","CD630_08530","COG0601",""
"425","CD630_26730","COG0601",""
"426","CD630_28430","COG0604",""
"427","CD630_16310","COG0605",""
"428","CD630_12720","COG0606",""
"429","CD630_14700","COG0607","Urea cycle"
"430","CD630_17970","COG0607","Urea cycle"
"431","CD630_27460","COG0608",""
"432","CD630_29980","COG0609",""
"433","CD630_28770","COG0609",""
"434","CD630_28760","COG0609",""
"435","CD630_26600","COG0612",""
"436","CD630_13200","COG0612",""
"437","CD630_26610","COG0612",""
"438","CD630_35310","COG0613",""
"439","CD630_28780","COG0614",""
"440","CD630_29990","COG0614",""
"441","CD630_24660","COG0617","tRNA modification"
"442","CD630_03260","COG0619",""
"443","CD630_01020","COG0619",""
"444","CD630_04300","COG0619",""
"445","CD630_13260","COG0621","tRNA modification"
"446","CD630_24480","COG0621","tRNA modification"
"447","CD630_19860","COG0621","tRNA modification"
"448","CD630_10480","COG0622",""
"449","CD630_33070","COG0622",""
"450","CD630_31020","COG0624","Arginine biosynthesis"
"451","CD630_28220","COG0624","Arginine biosynthesis"
"452","CD630_24900","COG0624","Arginine biosynthesis"
"453","CD630_20840","COG0624","Arginine biosynthesis"
"454","CD630_02910","COG0624","Arginine biosynthesis"
"455","CD630_01400","COG0624","Arginine biosynthesis"
"456","CD630_20270","COG0624","Arginine biosynthesis"
"457","CD630_03030","COG0624","Arginine biosynthesis"
"458","CD630_19720","COG0624","Arginine biosynthesis"
"459","CD630_31830","COG0624","Arginine biosynthesis"
"460","CD630_35770","COG0626","Methionine biosynthesis"
"461","CD630_22040","COG0627",""
"462","CD630_23760","COG0628",""
"463","CD630_20510","COG0628",""
"464","CD630_10450","COG0628",""
"465","CD630_22500","COG0628",""
"466","CD630_22730","COG0628",""
"467","CD630_20350","COG0628",""
"468","CD630_22050","COG0628",""
"469","CD630_29410","COG0629",""
"470","CD630_36620","COG0629",""
"471","CD630_32350","COG0629",""
"472","CD630_25790","COG0631",""
"473","CD630_28060","COG0632",""
"474","CD630_32310","COG0634","Purine salvage"
"475","CD630_26910","COG0634","Purine salvage"
"476","CD630_24640","COG0635","Heme biosynthesis"
"477","CD630_27410","COG0635","Heme biosynthesis"
"478","CD630_34730","COG0636","FoF1-type ATP synthase"
"479","CD630_28490","COG0637",""
"480","CD630_21890","COG0637",""
"481","CD630_28570","COG0637",""
"482","CD630_31280","COG0637",""
"483","CD630_19941","COG0640",""
"484","CD630_03120","COG0640",""
"485","CD630_16920","COG0640",""
"486","CD630_31220","COG0640",""
"487","CD630_24720","COG0640",""
"488","CD630_27490","COG0641",""
"489","CD630_01620","COG0641",""
"490","CD630_08210","COG0642",""
"491","CD630_32660","COG0642",""
"492","CD630_10980","COG0642",""
"493","CD630_04610","COG0642",""
"494","CD630_15790","COG0642",""
"495","CD630_29870","COG0642",""
"496","CD630_15300","COG0642",""
"497","CD630_30530","COG0642",""
"498","CD630_17380","COG0642",""
"499","CD630_14920","COG0642",""
"500","CD630_14650","COG0642",""
"501","CD630_03610","COG0642",""
"502","CD630_25350","COG0642",""
"503","CD630_16890","COG0642",""
"504","CD630_03670","COG0642",""
"505","CD630_17830","COG0642",""
"506","CD630_24920","COG0642",""
"507","CD630_05390","COG0643",""
"508","CD630_35960","COG0646","Methionine biosynthesis"
"509","CD630_05600","COG0648",""
"510","CD630_03310","COG0652",""
"511","CD630_27920","COG0653",""
"512","CD630_01430","COG0653",""
"513","CD630_26840","COG0655",""
"514","CD630_14580","COG0655",""
"515","CD630_18070","COG0655",""
"516","CD630_31890","COG0655",""
"517","CD630_32110","COG0655",""
"518","CD630_32100","COG0655",""
"519","CD630_04720","COG0655",""
"520","CD630_16740","COG0655",""
"521","CD630_08100","COG0655",""
"522","CD630_36370","COG0655",""
"523","CD630_20860","COG0655",""
"524","CD630_24750","COG0658",""
"525","CD630_27470","COG0661","Ubiquinone biosynthesis"
"526","CD630_31310","COG0662",""
"527","CD630_22590","COG0662",""
"528","CD630_19960","COG0662",""
"529","CD630_10230","COG0662",""
"530","CD630_00310","COG0662",""
"531","CD630_27480","COG0663",""
"532","CD630_01680","COG0664",""
"533","CD630_06290","COG0664",""
"534","CD630_21700","COG0664",""
"535","CD630_22200","COG0664",""
"536","CD630_22340","COG0664",""
"537","CD630_28680","COG0665",""
"538","CD630_22660","COG0665",""
"539","CD630_00130","COG0668",""
"540","CD630_25580","COG0669","Pantothenate/CoA biosynthesis"
"541","CD630_26900","COG0671","Phospholipid biosynthesis"
"542","CD630_13940","COG0673",""
"543","CD630_28550","COG0673",""
"544","CD630_34500","COG0673",""
"545","CD630_01160","COG0674","Pyruvate oxidation"
"546","CD630_26820","COG0674","Pyruvate oxidation"
"547","CD630_24290","COG0674","Pyruvate oxidation"
"548","CD630_21990","COG0674","Pyruvate oxidation"
"549","CD630_08170","COG0675",""
"550","CD630_13120","COG0675",""
"551","CD630_18210","COG0675",""
"552","CD630_15000","COG0675",""
"553","CD630_02160","COG0675",""
"554","CD630_25531","COG0675",""
"555","CD630_16610","COG0675",""
"556","CD630_15720","COG0675",""
"557","CD630_17190","COG0675",""
"558","CD630_20720","COG0675",""
"559","CD630_21240","COG0679",""
"560","CD630_31690","COG0679",""
"561","CD630_13310","COG0681",""
"562","CD630_05540","COG0681",""
"563","CD630_05550","COG0681",""
"564","CD630_26590","COG0682",""
"565","CD630_07220","COG0685",""
"566","CD630_10270","COG0687",""
"567","CD630_33080","COG0689",""
"568","CD630_00590","COG0690",""
"569","CD630_31570","COG0691",""
"570","CD630_24810","COG0692",""
"571","CD630_33570","COG0693",""
"572","CD630_31430","COG0693",""
"573","CD630_08500","COG0694",""
"574","CD630_31710","COG0696","Glycolysis"
"575","CD630_28290","COG0697",""
"576","CD630_13930","COG0697",""
"577","CD630_15230","COG0697",""
"578","CD630_14130","COG0697",""
"579","CD630_23200","COG0698","Pentose phosphate pathway"
"580","CD630_34800","COG0698","Pentose phosphate pathway"
"581","CD630_26980","COG0700",""
"582","CD630_28200","COG0700",""
"583","CD630_35410","COG0700",""
"584","CD630_23670","COG0701",""
"585","CD630_18380","COG0703","Aromatic amino acid biosynthesis"
"586","CD630_32600","COG0704",""
"587","CD630_32040","COG0706",""
"588","CD630_36780","COG0706",""
"589","CD630_26510","COG0707","Mureine biosynthesis"
"590","CD630_00190","COG0707","Mureine biosynthesis"
"591","CD630_13440","COG0707","Mureine biosynthesis"
"592","CD630_27250","COG0707","Mureine biosynthesis"
"593","CD630_13410","COG0708",""
"594","CD630_24960","COG0709",""
"595","CD630_22170","COG0710","Aromatic amino acid biosynthesis"
"596","CD630_34720","COG0711","Menaquinone biosynthesis"
"597","CD630_34960","COG0776",""
"598","CD630_19370","COG0777","Fatty acid biosynthesis"
"599","CD630_25720","COG0778","Pyrimidine degradation"
"600","CD630_02170","COG0778","Pyrimidine degradation"
"601","CD630_07060","COG0778","Pyrimidine degradation"
"602","CD630_08370","COG0778","Pyrimidine degradation"
"603","CD630_32050","COG0778","Pyrimidine degradation"
"604","CD630_31230","COG0778","Pyrimidine degradation"
"605","CD630_33550","COG0778","Pyrimidine degradation"
"606","CD630_07560","COG0778","Pyrimidine degradation"
"607","CD630_11250","COG0778","Pyrimidine degradation"
"608","CD630_13060","COG0779",""
"609","CD630_25810","COG0781",""
"610","CD630_12010","COG0781",""
"611","CD630_35530","COG0782",""
"612","CD630_30100","COG0785",""
"613","CD630_10850","COG0786",""
"614","CD630_17460","COG0786",""
"615","CD630_34630","COG0787","Mureine biosynthesis"
"616","CD630_16280","COG0787","Mureine biosynthesis"
"617","CD630_31970","COG0789",""
"618","CD630_31970","COG0789",""
"619","CD630_31900","COG0789",""
"620","CD630_35830","COG0789",""
"621","CD630_25640","COG0789",""
"622","CD630_06160","COG0789",""
"623","CD630_14220","COG0789",""
"624","CD630_06930","COG0789",""
"625","CD630_20400","COG0789",""
"626","CD630_10160","COG0789",""
"627","CD630_36150","COG0789",""
"628","CD630_15160","COG0789",""
"629","CD630_17870","COG0789",""
"630","CD630_36340","COG0789",""
"631","CD630_21230","COG0790",""
"632","CD630_21230","COG0790",""
"633","CD630_21230","COG0790",""
"634","CD630_11080","COG0791",""
"635","CD630_11350","COG0791",""
"636","CD630_13680","COG0791",""
"637","CD630_29030","COG0791",""
"638","CD630_18570","COG0791",""
"639","CD630_09610","COG0791",""
"640","CD630_24020","COG0791",""
"641","CD630_03720","COG0791",""
"642","CD630_01830","COG0791",""
"643","CD630_33800","COG0791",""
"644","CD630_33360","COG0791",""
"645","CD630_27680","COG0791",""
"646","CD630_12710","COG0792",""
"647","CD630_30630","COG0793",""
"648","CD630_34550","COG0793",""
"649","CD630_36280","COG0794",""
"650","CD630_30280","COG0794",""
"651","CD630_35620","COG0796","Mureine biosynthesis"
"652","CD630_25220","COG0799",""
"653","CD630_36260","COG0800","Entner-Doudoroff pathway"
"654","CD630_14520","COG0801","Folate biosynthesis"
"655","CD630_01490","COG0802","tRNA modification"
"656","CD630_12550","COG0806","16S rRNA modification"
"657","CD630_16980","COG0807","Riboflavin/FAD biosynthesis"
"658","CD630_28040","COG0809","tRNA modification"
"659","CD630_34020","COG0812","Mureine biosynthesis"
"660","CD630_12850","COG0816",""
"661","CD630_28070","COG0817",""
"662","CD630_24390","COG0818",""
"663","CD630_25800","COG0820","23S rRNA modification"
"664","CD630_21280","COG0821","Isoprenoid biosynthesis"
"665","CD630_12800","COG0822",""
"666","CD630_19360","COG0825","Fatty acid biosynthesis"
"667","CD630_07030","COG0826","Pyridoxal phosphate biosynthesis"
"668","CD630_07030","COG0826","Pyridoxal phosphate biosynthesis"
"669","CD630_12280","COG0826","Pyridoxal phosphate biosynthesis"
"670","CD630_13100","COG0858",""
"671","CD630_10360","COG0860",""
"672","CD630_07840","COG0860",""
"673","CD630_10350","COG0860",""
"674","CD630_28940","COG0860",""
"675","CD630_18980","COG0860",""
"676","CD630_27840","COG0860",""
"677","CD630_09720","COG0860",""
"678","CD630_27610","COG0860",""
"679","CD630_01060","COG0860",""
"680","CD630_11090","COG0863",""
"681","CD630_18200","COG1001",""
"682","CD630_16580","COG1003","Glycine cleavage"
"683","CD630_27710","COG1004",""
"684","CD630_34240","COG1010","Cobalamine/B12 biosynthesis"
"685","CD630_17350","COG1011",""
"686","CD630_02100","COG1011",""
"687","CD630_03340","COG1012","Proline degradation"
"688","CD630_19170","COG1012","Proline degradation"
"689","CD630_23420","COG1012","Proline degradation"
"690","CD630_05800","COG1012","Proline degradation"
"691","CD630_22060","COG1012","Proline degradation"
"692","CD630_29660","COG1012","Proline degradation"
"693","CD630_26820","COG1013","Pyruvate oxidation"
"694","CD630_21980","COG1013","Pyruvate oxidation"
"695","CD630_24280","COG1013","Pyruvate oxidation"
"696","CD630_01170","COG1013","Pyruvate oxidation"
"697","CD630_26820","COG1014","Pyruvate oxidation"
"698","CD630_21970","COG1014","Pyruvate oxidation"
"699","CD630_23800","COG1014","Pyruvate oxidation"
"700","CD630_01180","COG1014","Pyruvate oxidation"
"701","CD630_24270","COG1014","Pyruvate oxidation"
"702","CD630_12230","COG1015",""
"703","CD630_14030","COG1020",""
"704","CD630_28530","COG1020",""
"705","CD630_08000","COG1024","Fatty acid biosynthesis"
"706","CD630_10570","COG1024","Fatty acid biosynthesis"
"707","CD630_25770","COG1028","Fatty acid biosynthesis"
"708","CD630_11820","COG1028","Fatty acid biosynthesis"
"709","CD630_26790","COG1028","Fatty acid biosynthesis"
"710","CD630_07680","COG1028","Fatty acid biosynthesis"
"711","CD630_00650","COG1028","Fatty acid biosynthesis"
"712","CD630_11580","COG1032",""
"713","CD630_07130","COG1032",""
"714","CD630_22270","COG1032",""
"715","CD630_09980","COG1032",""
"716","CD630_00210","COG1038","Urea cycle"
"717","CD630_01330","COG1040",""
"718","CD630_21960","COG1042",""
"719","CD630_15950","COG1045","Cysteine biosynthesis"
"720","CD630_08330","COG1048","Lysine biosynthesisTCA cycle"
"721","CD630_17650","COG1051",""
"722","CD630_33980","COG1051",""
"723","CD630_07050","COG1051",""
"724","CD630_04520","COG1051",""
"725","CD630_03940","COG1052","Pyridoxal phosphate biosynthesis"
"726","CD630_08740","COG1101",""
"727","CD630_08770","COG1101",""
"728","CD630_20390","COG1102",""
"729","CD630_12790","COG1104",""
"730","CD630_07530","COG1104",""
"731","CD630_30760","COG1105",""
"732","CD630_22700","COG1105",""
"733","CD630_34510","COG1105",""
"734","CD630_27800","COG1109",""
"735","CD630_15770","COG1109",""
"736","CD630_01190","COG1109",""
"737","CD630_23180","COG1109",""
"738","CD630_12600","COG1114",""
"739","CD630_12590","COG1114",""
"740","CD630_27020","COG1114",""
"741","CD630_16960","COG1115",""
"742","CD630_24220","COG1115",""
"743","CD630_22760","COG1115",""
"744","CD630_29900","COG1116",""
"745","CD630_14830","COG1116",""
"746","CD630_23610","COG1116",""
"747","CD630_10010","COG1116",""
"748","CD630_19780","COG1116",""
"749","CD630_32610","COG1117",""
"750","CD630_08710","COG1118",""
"751","CD630_29970","COG1120",""
"752","CD630_28750","COG1120",""
"753","CD630_03270","COG1122",""
"754","CD630_01010","COG1122",""
"755","CD630_01000","COG1122",""
"756","CD630_04310","COG1123",""
"757","CD630_26700","COG1123",""
"758","CD630_32150","COG1125",""
"759","CD630_09000","COG1125",""
"760","CD630_21720","COG1126",""
"761","CD630_17760","COG1126",""
"762","CD630_07520","COG1126",""
"763","CD630_03010","COG1129",""
"764","CD630_15870","COG1129",""
"765","CD630_06530","COG1131",""
"766","CD630_06670","COG1131",""
"767","CD630_10970","COG1131",""
"768","CD630_12680","COG1131",""
"769","CD630_04780","COG1131",""
"770","CD630_06450","COG1131",""
"771","CD630_03660","COG1131",""
"772","CD630_21050","COG1131",""
"773","CD630_10500","COG1131",""
"774","CD630_03180","COG1131",""
"775","CD630_16070","COG1131",""
"776","CD630_08220","COG1131",""
"777","CD630_16180","COG1131",""
"778","CD630_20240","COG1131",""
"779","CD630_16690","COG1131",""
"780","CD630_17530","COG1131",""
"781","CD630_18890","COG1131",""
"782","CD630_15040","COG1131",""
"783","CD630_16040","COG1131",""
"784","CD630_32010","COG1131",""
"785","CD630_13490","COG1131",""
"786","CD630_02930","COG1131",""
"787","CD630_16140","COG1131",""
"788","CD630_31620","COG1131",""
"789","CD630_22110","COG1132",""
"790","CD630_28170","COG1132",""
"791","CD630_10170","COG1132",""
"792","CD630_01610","COG1132",""
"793","CD630_14720","COG1132",""
"794","CD630_04320","COG1132",""
"795","CD630_22100","COG1132",""
"796","CD630_14730","COG1132",""
"797","CD630_10840","COG1132",""
"798","CD630_04330","COG1132",""
"799","CD630_10180","COG1132",""
"800","CD630_28180","COG1132",""
"801","CD630_14890","COG1135",""
"802","CD630_06130","COG1136",""
"803","CD630_15390","COG1136",""
"804","CD630_15280","COG1136",""
"805","CD630_15320","COG1136",""
"806","CD630_04590","COG1136",""
"807","CD630_04840","COG1136",""
"808","CD630_14660","COG1136",""
"809","CD630_03640","COG1136",""
"810","CD630_19610","COG1136",""
"811","CD630_25340","COG1136",""
"812","CD630_29850","COG1136",""
"813","CD630_30560","COG1136",""
"814","CD630_19550","COG1136",""
"815","CD630_35850","COG1136",""
"816","CD630_36230","COG1136",""
"817","CD630_19470","COG1136",""
"818","CD630_03360","COG1136",""
"819","CD630_18740","COG1136",""
"820","CD630_20610","COG1139",""
"821","CD630_15100","COG1139",""
"822","CD630_36051","COG1141",""
"823","CD630_15951","COG1141",""
"824","CD630_33130","COG1142",""
"825","CD630_33150","COG1142",""
"826","CD630_01721","COG1143","NADH dehydrogenase"
"827","CD630_26820","COG1143","NADH dehydrogenase"
"828","CD630_15250","COG1143","NADH dehydrogenase"
"829","CD630_20770","COG1143","NADH dehydrogenase"
"830","CD630_31230","COG1145",""
"831","CD630_14680","COG1145",""
"832","CD630_31210","COG1145",""
"833","CD630_07060","COG1145",""
"834","CD630_11210","COG1145",""
"835","CD630_17600","COG1145",""
"836","CD630_21690","COG1149",""
"837","CD630_07160","COG1151",""
"838","CD630_01740","COG1151",""
"839","CD630_21680","COG1151",""
"840","CD630_07280","COG1152",""
"841","CD630_12070","COG1154","Pyridoxal phosphate biosynthesis"
"842","CD630_29560","COG1155","A/V-type ATP synthase"
"843","CD630_29550","COG1156","A/V-type ATP synthase"
"844","CD630_02510","COG1157",""
"845","CD630_34870","COG1158",""
"846","CD630_24370","COG1159",""
"847","CD630_26320","COG1160",""
"848","CD630_21540","COG1160",""
"849","CD630_12580","COG1161",""
"850","CD630_25760","COG1162",""
"851","CD630_33680","COG1162",""
"852","CD630_32690","COG1164",""
"853","CD630_23580","COG1164",""
"854","CD630_34890","COG1164",""
"855","CD630_06950","COG1164",""
"856","CD630_24240","COG1167","Lysine biosynthesis"
"857","CD630_36640","COG1167","Lysine biosynthesis"
"858","CD630_22850","COG1167","Lysine biosynthesis"
"859","CD630_14070","COG1167","Lysine biosynthesis"
"860","CD630_33530","COG1167","Lysine biosynthesis"
"861","CD630_10700","COG1167","Lysine biosynthesis"
"862","CD630_22530","COG1167","Lysine biosynthesis"
"863","CD630_24840","COG1168",""
"864","CD630_30290","COG1168",""
"865","CD630_34410","COG1168",""
"866","CD630_26960","COG1168",""
"867","CD630_27330","COG1168",""
"868","CD630_31840","COG1171","Isoleucine, leucine, valine biosynthesis"
"869","CD630_25140","COG1171","Isoleucine, leucine, valine biosynthesis"
"870","CD630_20850","COG1171","Isoleucine, leucine, valine biosynthesis"
"871","CD630_15880","COG1172",""
"872","CD630_03020","COG1172",""
"873","CD630_26740","COG1173",""
"874","CD630_08540","COG1173",""
"875","CD630_09010","COG1174",""
"876","CD630_32160","COG1174",""
"877","CD630_34160","COG1175",""
"878","CD630_25490","COG1175",""
"879","CD630_10250","COG1176",""
"880","CD630_10260","COG1177",""
"881","CD630_28880","COG1178",""
"882","CD630_35290","COG1178",""
"883","CD630_35260","COG1178",""
"884","CD630_17030","COG1179","tRNA modification"
"885","CD630_24790","COG1179","tRNA modification"
"886","CD630_11210","COG1180",""
"887","CD630_07580","COG1180",""
"888","CD630_01090","COG1180",""
"889","CD630_32830","COG1180",""
"890","CD630_01550","COG1180",""
"891","CD630_14080","COG1181","Mureine biosynthesis"
"892","CD630_16260","COG1181","Mureine biosynthesis"
"893","CD630_15430","COG1182",""
"894","CD630_13180","COG1185",""
"895","CD630_01440","COG1186","Translation factors"
"896","CD630_20500","COG1187","16S rRNA modification"
"897","CD630_04050","COG1187","16S rRNA modification"
"898","CD630_34950","COG1188",""
"899","CD630_12080","COG1189",""
"900","CD630_35520","COG1190","Aminoacyl-tRNA synthetases"
"901","CD630_03590","COG1191","RNA polymerase"
"902","CD630_04350","COG1191","RNA polymerase"
"903","CD630_07720","COG1191","RNA polymerase"
"904","CD630_12300","COG1191","RNA polymerase"
"905","CD630_26430","COG1191","RNA polymerase"
"906","CD630_26420","COG1191","RNA polymerase"
"907","CD630_00110","COG1191","RNA polymerase"
"908","CD630_02660","COG1191","RNA polymerase"
"909","CD630_20080","COG1192",""
"910","CD630_36720","COG1192",""
"911","CD630_21450","COG1193",""
"912","CD630_07090","COG1193",""
"913","CD630_00040","COG1195",""
"914","CD630_12500","COG1196",""
"915","CD630_20760","COG1196",""
"916","CD630_35010","COG1197",""
"917","CD630_25860","COG1198",""
"918","CD630_33040","COG1219",""
"919","CD630_05160","COG1221",""
"920","CD630_32800","COG1221",""
"921","CD630_22830","COG1221",""
"922","CD630_02830","COG1221",""
"923","CD630_00400","COG1221",""
"924","CD630_23280","COG1221",""
"925","CD630_18220","COG1225",""
"926","CD630_30100","COG1225",""
"927","CD630_03330","COG1227",""
"928","CD630_01460","COG1228",""
"929","CD630_16120","COG1228",""
"930","CD630_25390","COG1234",""
"931","CD630_06920","COG1235",""
"932","CD630_36510","COG1235",""
"933","CD630_08290","COG1237",""
"934","CD630_14140","COG1242",""
"935","CD630_12490","COG1243",""
"936","CD630_16840","COG1244",""
"937","CD630_08360","COG1246","Arginine biosynthesis"
"938","CD630_00390","COG1249","Glycine cleavagePyruvate oxidation"
"939","CD630_30090","COG1249","Glycine cleavagePyruvate oxidation"
"940","CD630_27090","COG1249","Glycine cleavagePyruvate oxidation"
"941","CD630_07230","COG1249","Glycine cleavagePyruvate oxidation"
"942","CD630_10580","COG1250","Fatty acid biosynthesis"
"943","CD630_16230","COG1251",""
"944","CD630_01760","COG1251",""
"945","CD630_28580","COG1253",""
"946","CD630_02310","COG1256",""
"947","CD630_25100","COG1263",""
"948","CD630_08160","COG1263",""
"949","CD630_31270","COG1263",""
"950","CD630_31370","COG1263",""
"951","CD630_31250","COG1263",""
"952","CD630_03880","COG1263",""
"953","CD630_30890","COG1263",""
"954","CD630_31160","COG1263",""
"955","CD630_26670","COG1263",""
"956","CD630_30300","COG1263",""
"957","CD630_13360","COG1263",""
"958","CD630_04690","COG1263",""
"959","CD630_31010","COG1263",""
"960","CD630_30610","COG1263",""
"961","CD630_30970","COG1263",""
"962","CD630_30890","COG1264",""
"963","CD630_30970","COG1264",""
"964","CD630_30300","COG1264",""
"965","CD630_30610","COG1264",""
"966","CD630_25100","COG1264",""
"967","CD630_31010","COG1264",""
"968","CD630_26670","COG1264",""
"969","CD630_31160","COG1264",""
"970","CD630_13360","COG1264",""
"971","CD630_03880","COG1264",""
"972","CD630_04690","COG1264",""
"973","CD630_31250","COG1264",""
"974","CD630_31370","COG1264",""
"975","CD630_08160","COG1264",""
"976","CD630_31270","COG1264",""
"977","CD630_36330","COG1266",""
"978","CD630_16150","COG1266",""
"979","CD630_29710","COG1268",""
"980","CD630_29600","COG1269","A/V-type ATP synthase"
"981","CD630_34330","COG1270","Cobalamine/B12 biosynthesis"
"982","CD630_15460","COG1272",""
"983","CD630_30190","COG1275",""
"984","CD630_19902","COG1278",""
"985","CD630_13550","COG1278",""
"986","CD630_23100","COG1278",""
"987","CD630_08920","COG1278",""
"988","CD630_32190","COG1281",""
"989","CD630_32860","COG1283",""
"990","CD630_17290","COG1283",""
"991","CD630_26170","COG1284",""
"992","CD630_31080","COG1284",""
"993","CD630_19500","COG1284",""
"994","CD630_15900","COG1284",""
"995","CD630_18010","COG1284",""
"996","CD630_14410","COG1284",""
"997","CD630_33750","COG1285",""
"998","CD630_32700","COG1285",""
"999","CD630_14250","COG1285",""
"1000","CD630_17070","COG1288",""
"1001","CD630_31000","COG1288",""
"1002","CD630_22290","COG1289",""
"1003","CD630_07440","COG1291",""
"1004","CD630_02560","COG1291",""
"1005","CD630_25920","COG1293",""
"1006","CD630_15780","COG1295",""
"1007","CD630_22860","COG1296",""
"1008","CD630_14040","COG1297",""
"1009","CD630_02630","COG1298",""
"1010","CD630_02070","COG1299",""
"1011","CD630_22690","COG1299",""
"1012","CD630_30130","COG1299",""
"1013","CD630_24860","COG1299",""
"1014","CD630_26250","COG1299",""
"1015","CD630_31340","COG1299",""
"1016","CD630_25680","COG1299",""
"1017","CD630_30860","COG1299",""
"1018","CD630_30750","COG1299",""
"1019","CD630_26930","COG1301",""
"1020","CD630_12000","COG1302",""
"1021","CD630_25620","COG1302",""
"1022","CD630_29750","COG1343","CRISPR-Cas system"
"1023","CD630_02320","COG1344",""
"1024","CD630_02390","COG1344",""
"1025","CD630_02370","COG1345",""
"1026","CD630_14400","COG1346",""
"1027","CD630_07430","COG1349",""
"1028","CD630_21110","COG1349",""
"1029","CD630_28500","COG1349",""
"1030","CD630_00540","COG1351","Thymidylate biosynthesis"
"1031","CD630_05410","COG1352",""
"1032","CD630_12950","COG1354",""
"1033","CD630_36210","COG1357",""
"1034","CD630_29960","COG1357",""
"1035","CD630_27030","COG1357",""
"1036","CD630_13080","COG1358","Ribosome 50S subunit"
"1037","CD630_07450","COG1360",""
"1038","CD630_02570","COG1360",""
"1039","CD630_10720","COG1362",""
"1040","CD630_03290","COG1362",""
"1041","CD630_34460","COG1363",""
"1042","CD630_21520","COG1363",""
"1043","CD630_20330","COG1364","Arginine biosynthesis"
"1044","CD630_00090","COG1366",""
"1045","CD630_27130","COG1376",""
"1046","CD630_30070","COG1376",""
"1047","CD630_29630","COG1376",""
"1048","CD630_02620","COG1377",""
"1049","CD630_30340","COG1378",""
"1050","CD630_14390","COG1380",""
"1051","CD630_24350","COG1381",""
"1052","CD630_24490","COG1385","16S rRNA modification"
"1053","CD630_12960","COG1386",""
"1054","CD630_07370","COG1387","Histidine biosynthesis"
"1055","CD630_09870","COG1387","Histidine biosynthesis"
"1056","CD630_02820","COG1387","Histidine biosynthesis"
"1057","CD630_34010","COG1387","Histidine biosynthesis"
"1058","CD630_10690","COG1387","Histidine biosynthesis"
"1059","CD630_21910","COG1387","Histidine biosynthesis"
"1060","CD630_35670","COG1388",""
"1061","CD630_29580","COG1390","A/V-type ATP synthase"
"1062","CD630_17770","COG1393",""
"1063","CD630_29540","COG1394","A/V-type ATP synthase"
"1064","CD630_09110","COG1396",""
"1065","CD630_20410","COG1396",""
"1066","CD630_22140","COG1396",""
"1067","CD630_29270","COG1396",""
"1068","CD630_09070","COG1396",""
"1069","CD630_10230","COG1396",""
"1070","CD630_22150","COG1396",""
"1071","CD630_20170","COG1396",""
"1072","CD630_03520","COG1396",""
"1073","CD630_05090","COG1396",""
"1074","CD630_19010","COG1396",""
"1075","CD630_16440","COG1396",""
"1076","CD630_02920","COG1396",""
"1077","CD630_21430","COG1396",""
"1078","CD630_11220","COG1396",""
"1079","CD630_33300","COG1396",""
"1080","CD630_36680","COG1396",""
"1081","CD630_17360","COG1396",""
"1082","CD630_31530","COG1396",""
"1083","CD630_31540","COG1396",""
"1084","CD630_29500","COG1396",""
"1085","CD630_16640","COG1396",""
"1086","CD630_13600","COG1396",""
"1087","CD630_13780","COG1396",""
"1088","CD630_14940","COG1396",""
"1089","CD630_31521","COG1396",""
"1090","CD630_13790","COG1396",""
"1091","CD630_15730","COG1396",""
"1092","CD630_11760","COG1399",""
"1093","CD630_20940","COG1401",""
"1094","CD630_20000","COG1404",""
"1095","CD630_32540","COG1404",""
"1096","CD630_36030","COG1408",""
"1097","CD630_11230","COG1408",""
"1098","CD630_07270","COG1410","Methionine biosynthesis"
"1099","CD630_35960","COG1410","Methionine biosynthesis"
"1100","CD630_07890","COG1413",""
"1101","CD630_30050","COG1414",""
"1102","CD630_24300","COG1414",""
"1103","CD630_14600","COG1418",""
"1104","CD630_13290","COG1418",""
"1105","CD630_02640","COG1419",""
"1106","CD630_24630","COG1420",""
"1107","CD630_16930","COG1433",""
"1108","CD630_18420","COG1434",""
"1109","CD630_29561","COG1436","A/V-type ATP synthase"
"1110","CD630_36480","COG1440",""
"1111","CD630_30820","COG1440",""
"1112","CD630_08610","COG1440",""
"1113","CD630_34440","COG1440",""
"1114","CD630_16020","COG1440",""
"1115","CD630_01360","COG1440",""
"1116","CD630_28840","COG1440",""
"1117","CD630_30490","COG1440",""
"1118","CD630_23770","COG1443","Isoprenoid biosynthesis"
"1119","CD630_24870","COG1445",""
"1120","CD630_22690","COG1445",""
"1121","CD630_31340","COG1445",""
"1122","CD630_08130","COG1445",""
"1123","CD630_30860","COG1445",""
"1124","CD630_25670","COG1445",""
"1125","CD630_02080","COG1445",""
"1126","CD630_30750","COG1445",""
"1127","CD630_30140","COG1445",""
"1128","CD630_01390","COG1446",""
"1129","CD630_34450","COG1447",""
"1130","CD630_36470","COG1447",""
"1131","CD630_30800","COG1447",""
"1132","CD630_08630","COG1447",""
"1133","CD630_28800","COG1447",""
"1134","CD630_01350","COG1447",""
"1135","CD630_23820","COG1448","Isoleucine, leucine, valine biosynthesis"
"1136","CD630_15620","COG1451",""
"1137","CD630_31910","COG1453",""
"1138","CD630_05610","COG1453",""
"1139","CD630_19070","COG1454",""
"1140","CD630_29660","COG1454",""
"1141","CD630_23380","COG1454",""
"1142","CD630_31050","COG1454",""
"1143","CD630_30060","COG1454",""
"1144","CD630_03340","COG1454",""
"1145","CD630_02740","COG1454",""
"1146","CD630_34430","COG1455",""
"1147","CD630_28830","COG1455",""
"1148","CD630_08620","COG1455",""
"1149","CD630_30810","COG1455",""
"1150","CD630_36500","COG1455",""
"1151","CD630_36450","COG1455",""
"1152","CD630_30480","COG1455",""
"1153","CD630_01370","COG1455",""
"1154","CD630_07260","COG1456",""
"1155","CD630_17160","COG1457",""
"1156","CD630_27380","COG1457",""
"1157","CD630_32950","COG1459",""
"1158","CD630_35110","COG1459",""
"1159","CD630_25610","COG1461",""
"1160","CD630_16530","COG1464",""
"1161","CD630_14910","COG1464",""
"1162","CD630_24740","COG1466",""
"1163","CD630_29770","COG1468","CRISPR-Cas system"
"1164","CD630_05280","COG1473","Lysine biosynthesis"
"1165","CD630_03050","COG1473","Lysine biosynthesis"
"1166","CD630_30990","COG1473","Lysine biosynthesis"
"1167","CD630_26970","COG1473","Lysine biosynthesis"
"1168","CD630_28360","COG1473","Lysine biosynthesis"
"1169","CD630_31120","COG1473","Lysine biosynthesis"
"1170","CD630_01660","COG1473","Lysine biosynthesis"
"1171","CD630_31130","COG1473","Lysine biosynthesis"
"1172","CD630_13980","COG1473","Lysine biosynthesis"
"1173","CD630_07790","COG1473","Lysine biosynthesis"
"1174","CD630_24210","COG1473","Lysine biosynthesis"
"1175","CD630_08490","COG1473","Lysine biosynthesis"
"1176","CD630_10860","COG1473","Lysine biosynthesis"
"1177","CD630_21730","COG1473","Lysine biosynthesis"
"1178","CD630_32210","COG1473","Lysine biosynthesis"
"1179","CD630_36710","COG1475",""
"1180","CD630_36730","COG1475",""
"1181","CD630_05950","COG1475",""
"1182","CD630_31200","COG1476",""
"1183","CD630_13601","COG1476",""
"1184","CD630_17551","COG1476",""
"1185","CD630_23080","COG1476",""
"1186","CD630_22910","COG1476",""
"1187","CD630_06420","COG1476",""
"1188","CD630_11261","COG1476",""
"1189","CD630_20020","COG1476",""
"1190","CD630_31390","COG1476",""
"1191","CD630_04270","COG1476",""
"1192","CD630_03700","COG1476",""
"1193","CD630_33880","COG1476",""
"1194","CD630_24830","COG1477",""
"1195","CD630_33970","COG1481",""
"1196","CD630_24910","COG1482",""
"1197","CD630_36540","COG1484",""
"1198","CD630_04100","COG1484",""
"1199","CD630_28820","COG1486",""
"1200","CD630_30600","COG1486",""
"1201","CD630_25090","COG1486",""
"1202","CD630_13380","COG1486",""
"1203","CD630_08640","COG1486",""
"1204","CD630_35430","COG1488","NAD biosynthesis"
"1205","CD630_27430","COG1490",""
"1206","CD630_34350","COG1492","Cobalamine/B12 biosynthesis"
"1207","CD630_34090","COG1493",""
"1208","CD630_26390","COG1496",""
"1209","CD630_30710","COG1501",""
"1210","CD630_01920","COG1502","Phospholipid biosynthesis"
"1211","CD630_34040","COG1502","Phospholipid biosynthesis"
"1212","CD630_06500","COG1506",""
"1213","CD630_06490","COG1506",""
"1214","CD630_31760","COG1508","RNA polymerase"
"1215","CD630_22520","COG1509",""
"1216","CD630_14710","COG1511",""
"1217","CD630_32220","COG1760",""
"1218","CD630_00410","COG1762",""
"1219","CD630_30150","COG1762",""
"1220","CD630_24880","COG1762",""
"1221","CD630_24890","COG1762",""
"1222","CD630_25660","COG1762",""
"1223","CD630_36310","COG1762",""
"1224","CD630_23280","COG1762",""
"1225","CD630_24160","COG1762",""
"1226","CD630_00400","COG1762",""
"1227","CD630_23270","COG1762",""
"1228","CD630_31340","COG1762",""
"1229","CD630_07620","COG1762",""
"1230","CD630_22830","COG1762",""
"1231","CD630_25560","COG1762",""
"1232","CD630_34470","COG1762",""
"1233","CD630_22820","COG1762",""
"1234","CD630_30750","COG1762",""
"1235","CD630_31320","COG1762",""
"1236","CD630_22690","COG1762",""
"1237","CD630_30160","COG1762",""
"1238","CD630_01340","COG1762",""
"1239","CD630_30860","COG1762",""
"1240","CD630_02060","COG1762",""
"1241","CD630_22710","COG1762",""
"1242","CD630_02050","COG1762",""
"1243","CD630_10820","COG1763","Molybdopterin biosynthesis"
"1244","CD630_02480","COG1766",""
"1245","CD630_03460","COG1768",""
"1246","CD630_35480","COG1774",""
"1247","CD630_17490","COG1775",""
"1248","CD630_03980","COG1775",""
"1249","CD630_03970","COG1775",""
"1250","CD630_05340","COG1776",""
"1251","CD630_29220","COG1783",""
"1252","CD630_09440","COG1783",""
"1253","CD630_26770","COG1788",""
"1254","CD630_11460","COG1792",""
"1255","CD630_22540","COG1794",""
"1256","CD630_20280","COG1794",""
"1257","CD630_34340","COG1797","Cobalamine/B12 biosynthesis"
"1258","CD630_26220","COG1799",""
"1259","CD630_35650","COG1802",""
"1260","CD630_08870","COG1802",""
"1261","CD630_06480","COG1802",""
"1262","CD630_28140","COG1802",""
"1263","CD630_11530","COG1803",""
"1264","CD630_07990","COG1804",""
"1265","CD630_03950","COG1804",""
"1266","CD630_08020","COG1804",""
"1267","CD630_24110","COG1806",""
"1268","CD630_19680","COG1811",""
"1269","CD630_02450","COG1815",""
"1270","CD630_17470","COG1816","Menaquinone biosynthesis"
"1271","CD630_31190","COG1819",""
"1272","CD630_10100","COG1820",""
"1273","CD630_34530","COG1820",""
"1274","CD630_25410","COG1823",""
"1275","CD630_00120","COG1827",""
"1276","CD630_17100","COG1832",""
"1277","CD630_12540","COG1837",""
"1278","CD630_10040","COG1838","TCA cycle"
"1279","CD630_35280","COG1840",""
"1280","CD630_29530","COG1840",""
"1281","CD630_35250","COG1840",""
"1282","CD630_00881","COG1841","Ribosome 50S subunit"
"1283","CD630_02540","COG1843",""
"1284","CD630_08350","COG1846",""
"1285","CD630_08520","COG1846",""
"1286","CD630_28440","COG1846",""
"1287","CD630_32080","COG1846",""
"1288","CD630_04730","COG1846",""
"1289","CD630_22080","COG1846",""
"1290","CD630_22120","COG1846",""
"1291","CD630_24050","COG1846",""
"1292","CD630_12990","COG1846",""
"1293","CD630_18270","COG1846",""
"1294","CD630_20040","COG1846",""
"1295","CD630_13350","COG1846",""
"1296","CD630_28270","COG1846",""
"1297","CD630_15690","COG1846",""
"1298","CD630_36770","COG1847",""
"1299","CD630_25830","COG1852",""
"1300","CD630_21210","COG1853","Pyrimidine degradation"
"1301","CD630_23960","COG1853","Pyrimidine degradation"
"1302","CD630_35980","COG1854",""
"1303","CD630_07310","COG1856",""
"1304","CD630_29800","COG1857","CRISPR-Cas system"
"1305","CD630_01880","COG1893","Pantothenate/CoA biosynthesis"
"1306","CD630_34060","COG1894","NADH dehydrogenase"
"1307","CD630_08680","COG1910",""
"1308","CD630_13850","COG1914",""
"1309","CD630_20180","COG1917",""
"1310","CD630_17360","COG1917",""
"1311","CD630_16440","COG1917",""
"1312","CD630_28390","COG1917",""
"1313","CD630_03520","COG1917",""
"1314","CD630_18800","COG1917",""
"1315","CD630_26650","COG1917",""
"1316","CD630_32730","COG1918",""
"1317","CD630_17451","COG1918",""
"1318","CD630_14770","COG1918",""
"1319","CD630_14780","COG1918",""
"1320","CD630_15180","COG1918",""
"1321","CD630_36420","COG1921",""
"1322","CD630_24950","COG1921",""
"1323","CD630_19740","COG1923",""
"1324","CD630_17690","COG1924",""
"1325","CD630_17500","COG1924",""
"1326","CD630_03960","COG1924",""
"1327","CD630_27560","COG1925",""
"1328","CD630_30840","COG1929","Non-phosphorylated Entner-Doudoroff pathway"
"1329","CD630_03250","COG1930",""
"1330","CD630_27300","COG1937",""
"1331","CD630_00530","COG1939","23S rRNA modification"
"1332","CD630_21940","COG1940",""
"1333","CD630_22360","COG1940",""
"1334","CD630_15840","COG1940",""
"1335","CD630_30660","COG1940",""
"1336","CD630_24590","COG1940",""
"1337","CD630_16601","COG1943",""
"1338","CD630_02150","COG1943",""
"1339","CD630_25540","COG1943",""
"1340","CD630_35660","COG1947","Isoprenoid biosynthesis"
"1341","CD630_10030","COG1951","TCA cycle"
"1342","CD630_09760","COG1952",""
"1343","CD630_28910","COG1952",""
"1344","CD630_16820","COG1957","Pyrimidine salvage"
"1345","CD630_12780","COG1959",""
"1346","CD630_27590","COG1959",""
"1347","CD630_10540","COG1960","Fatty acid biosynthesis"
"1348","CD630_08030","COG1960","Fatty acid biosynthesis"
"1349","CD630_03990","COG1960","Fatty acid biosynthesis"
"1350","CD630_12310","COG1961",""
"1351","CD630_05110","COG1961",""
"1352","CD630_33700","COG1961",""
"1353","CD630_18820","COG1961",""
"1354","CD630_29520","COG1961",""
"1355","CD630_19050","COG1961",""
"1356","CD630_04360","COG1961",""
"1357","CD630_35780","COG1961",""
"1358","CD630_12060","COG1963",""
"1359","CD630_26000","COG1966",""
"1360","CD630_23730","COG1966",""
"1361","CD630_29860","COG1968",""
"1362","CD630_13320","COG1968",""
"1363","CD630_21440","COG1971",""
"1364","CD630_19310","COG1974",""
"1365","CD630_15610","COG1975",""
"1366","CD630_08880","COG1982",""
"1367","CD630_35510","COG1982",""
"1368","CD630_13870","COG1984",""
"1369","CD630_17000","COG1985","Riboflavin/FAD biosynthesis"
"1370","CD630_02610","COG1987",""
"1371","CD630_16300","COG1988",""
"1372","CD630_35040","COG1989",""
"1373","CD630_35030","COG1989",""
"1374","CD630_12940","COG1994",""
"1375","CD630_31200","COG2002",""
"1376","CD630_18591","COG2002",""
"1377","CD630_11440","COG2003",""
"1378","CD630_15250","COG2006",""
"1379","CD630_25910","COG2008",""
"1380","CD630_14900","COG2011",""
"1381","CD630_31580","COG2013",""
"1382","CD630_14810","COG2013",""
"1383","CD630_23140","COG2014",""
"1384","CD630_34400","COG2017",""
"1385","CD630_17040","COG2022","Thiamine biosynthesis"
"1386","CD630_11720","COG2025",""
"1387","CD630_04010","COG2025",""
"1388","CD630_10560","COG2025",""
"1389","CD630_08050","COG2025",""
"1390","CD630_08270","COG2033",""
"1391","CD630_34390","COG2038","Cobalamine/B12 biosynthesis"
"1392","CD630_16760","COG2039",""
"1393","CD630_13860","COG2049",""
"1394","CD630_09930","COG2050",""
"1395","CD630_26780","COG2057",""
"1396","CD630_33030","COG2059",""
"1397","CD630_02010","COG2059",""
"1398","CD630_33020","COG2059",""
"1399","CD630_15910","COG2060",""
"1400","CD630_25950","COG2065","Pyrimidine salvage"
"1401","CD630_05580","COG2066",""
"1402","CD630_20700","COG2068",""
"1403","CD630_07250","COG2069",""
"1404","CD630_21200","COG2070",""
"1405","CD630_11800","COG2070",""
"1406","CD630_11880","COG2071",""
"1407","CD630_30930","COG2071",""
"1408","CD630_34250","COG2073","Cobalamine/B12 biosynthesis"
"1409","CD630_04880","COG2076",""
"1410","CD630_20880","COG2080","Non-phosphorylated Entner-Doudoroff pathway"
"1411","CD630_20810","COG2080","Non-phosphorylated Entner-Doudoroff pathway"
"1412","CD630_31770","COG2080","Non-phosphorylated Entner-Doudoroff pathway"
"1413","CD630_21000","COG2080","Non-phosphorylated Entner-Doudoroff pathway"
"1414","CD630_18150","COG2081",""
"1415","CD630_26890","COG2081",""
"1416","CD630_34300","COG2082","Cobalamine/B12 biosynthesis"
"1417","CD630_28130","COG2084",""
"1418","CD630_10550","COG2086",""
"1419","CD630_04000","COG2086",""
"1420","CD630_08040","COG2086",""
"1421","CD630_11710","COG2086",""
"1422","CD630_34380","COG2087","Cobalamine/B12 biosynthesis"
"1423","CD630_35160","COG2088",""
"1424","CD630_14930","COG2094",""
"1425","CD630_34230","COG2099","Cobalamine/B12 biosynthesis"
"1426","CD630_14170","COG2102",""
"1427","CD630_30460","COG2103",""
"1428","CD630_17021","COG2104","Thiamine biosynthesis"
"1429","CD630_08650","COG2110",""
"1430","CD630_30640","COG2115",""
"1431","CD630_34030","COG2116",""
"1432","CD630_22300","COG2116",""
"1433","CD630_27900","COG2120",""
"1434","CD630_18990","COG2131",""
"1435","CD630_34770","COG2131",""
"1436","CD630_25250","COG2137",""
"1437","CD630_16000","COG2145","Thiamine biosynthesis"
"1438","CD630_27830","COG2148",""
"1439","CD630_15190","COG2153",""
"1440","CD630_35511","COG2155",""
"1441","CD630_15930","COG2156",""
"1442","CD630_07870","COG2158",""
"1443","CD630_35130","COG2165",""
"1444","CD630_23050","COG2165",""
"1445","CD630_32940","COG2165",""
"1446","CD630_35070","COG2165",""
"1447","CD630_07550","COG2165",""
"1448","CD630_32270","COG2171","Lysine biosynthesis"
"1449","CD630_07710","COG2172",""
"1450","CD630_00100","COG2172",""
"1451","CD630_13050","COG2176",""
"1452","CD630_23940","COG2176",""
"1453","CD630_14310","COG2176",""
"1454","CD630_01450","COG2183",""
"1455","CD630_11690","COG2186",""
"1456","CD630_05850","COG2186",""
"1457","CD630_08140","COG2186",""
"1458","CD630_05850","COG2188",""
"1459","CD630_10090","COG2188",""
"1460","CD630_30900","COG2188",""
"1461","CD630_34520","COG2188",""
"1462","CD630_36460","COG2188",""
"1463","CD630_28850","COG2188",""
"1464","CD630_10730","COG2188",""
"1465","CD630_31030","COG2190",""
"1466","CD630_31160","COG2190",""
"1467","CD630_30970","COG2190",""
"1468","CD630_08160","COG2190",""
"1469","CD630_03880","COG2190",""
"1470","CD630_31370","COG2190",""
"1471","CD630_30580","COG2190",""
"1472","CD630_04690","COG2190",""
"1473","CD630_26660","COG2190",""
"1474","CD630_31250","COG2190",""
"1475","CD630_25120","COG2190",""
"1476","CD630_30270","COG2190",""
"1477","CD630_01720","COG2191",""
"1478","CD630_10460","COG2195",""
"1479","CD630_05240","COG2195",""
"1480","CD630_35210","COG2195",""
"1481","CD630_07080","COG2195",""
"1482","CD630_12690","COG2197",""
"1483","CD630_07070","COG2199",""
"1484","CD630_09970","COG2199",""
"1485","CD630_05840","COG2199",""
"1486","CD630_05220","COG2199",""
"1487","CD630_07480","COG2199",""
"1488","CD630_08110","COG2199",""
"1489","CD630_29650","COG2199",""
"1490","CD630_05830","COG2199",""
"1491","CD630_28730","COG2199",""
"1492","CD630_05220","COG2199",""
"1493","CD630_14210","COG2199",""
"1494","CD630_33650","COG2199",""
"1495","CD630_36250","COG2199",""
"1496","CD630_07570","COG2199",""
"1497","CD630_15380","COG2199",""
"1498","CD630_27540","COG2199",""
"1499","CD630_27600","COG2199",""
"1500","CD630_15150","COG2199",""
"1501","CD630_10150","COG2199",""
"1502","CD630_16160","COG2199",""
"1503","CD630_16510","COG2199",""
"1504","CD630_18400","COG2199",""
"1505","CD630_14200","COG2199",""
"1506","CD630_02040","COG2199",""
"1507","CD630_27530","COG2199",""
"1508","CD630_14760","COG2199",""
"1509","CD630_14190","COG2199",""
"1510","CD630_18410","COG2199",""
"1511","CD630_28870","COG2199",""
"1512","CD630_11850","COG2199",""
"1513","CD630_27530","COG2199",""
"1514","CD630_23850","COG2199",""
"1515","CD630_10280","COG2199",""
"1516","CD630_21340","COG2199",""
"1517","CD630_22440","COG2199",""
"1518","CD630_23840","COG2199",""
"1519","CD630_26630","COG2199",""
"1520","CD630_18400","COG2200",""
"1521","CD630_15380","COG2200",""
"1522","CD630_16160","COG2200",""
"1523","CD630_28730","COG2200",""
"1524","CD630_14210","COG2200",""
"1525","CD630_21340","COG2200",""
"1526","CD630_15150","COG2200",""
"1527","CD630_27600","COG2200",""
"1528","CD630_16510","COG2200",""
"1529","CD630_36500","COG2200",""
"1530","CD630_14760","COG2200",""
"1531","CD630_29650","COG2200",""
"1532","CD630_26630","COG2200",""
"1533","CD630_27530","COG2200",""
"1534","CD630_07480","COG2200",""
"1535","CD630_07570","COG2200",""
"1536","CD630_08110","COG2200",""
"1537","CD630_02040","COG2200",""
"1538","CD630_05220","COG2200",""
"1539","CD630_05420","COG2201",""
"1540","CD630_09970","COG2202",""
"1541","CD630_18410","COG2202",""
"1542","CD630_14210","COG2202",""
"1543","CD630_36250","COG2202",""
"1544","CD630_14190","COG2202",""
"1545","CD630_24920","COG2202",""
"1546","CD630_10150","COG2202",""
"1547","CD630_36250","COG2203",""
"1548","CD630_09970","COG2203",""
"1549","CD630_17390","COG2204",""
"1550","CD630_05330","COG2204",""
"1551","CD630_06440","COG2205",""
"1552","CD630_16720","COG2205",""
"1553","CD630_16250","COG2205",""
"1554","CD630_05200","COG2205",""
"1555","CD630_35860","COG2205",""
"1556","CD630_06690","COG2205",""
"1557","CD630_04850","COG2205",""
"1558","CD630_13520","COG2205",""
"1559","CD630_19600","COG2205",""
"1560","CD630_03190","COG2205",""
"1561","CD630_25700","COG2205",""
"1562","CD630_18290","COG2205",""
"1563","CD630_22880","COG2205",""
"1564","CD630_19560","COG2205",""
"1565","CD630_19490","COG2205",""
"1566","CD630_12930","COG2207",""
"1567","CD630_04540","COG2207",""
"1568","CD630_17250","COG2207",""
"1569","CD630_11260","COG2207",""
"1570","CD630_31940","COG2207",""
"1571","CD630_32140","COG2207",""
"1572","CD630_26650","COG2207",""
"1573","CD630_18830","COG2207",""
"1574","CD630_04280","COG2207",""
"1575","CD630_00310","COG2207",""
"1576","CD630_33520","COG2207",""
"1577","CD630_18500","COG2207",""
"1578","CD630_31310","COG2207",""
"1579","CD630_02760","COG2207",""
"1580","CD630_20180","COG2207",""
"1581","CD630_24190","COG2207",""
"1582","CD630_19460","COG2207",""
"1583","CD630_25300","COG2207",""
"1584","CD630_25080","COG2207",""
"1585","CD630_26850","COG2208",""
"1586","CD630_00340","COG2211",""
"1587","CD630_22010","COG2211",""
"1588","CD630_23340","COG2213",""
"1589","CD630_15920","COG2216",""
"1590","CD630_21150","COG2217",""
"1591","CD630_03130","COG2217",""
"1592","CD630_05910","COG2217",""
"1593","CD630_21150","COG2217",""
"1594","CD630_17960","COG2221",""
"1595","CD630_01150","COG2221",""
"1596","CD630_04740","COG2221",""
"1597","CD630_22310","COG2221",""
"1598","CD630_08940","COG2221",""
"1599","CD630_33140","COG2221",""
"1600","CD630_24291","COG2221",""
"1601","CD630_34490","COG2222",""
"1602","CD630_06810","COG2223",""
"1603","CD630_32340","COG2226","Biotin biosynthesis"
"1604","CD630_19630","COG2226","Biotin biosynthesis"
"1605","CD630_32200","COG2226","Biotin biosynthesis"
"1606","CD630_18920","COG2226","Biotin biosynthesis"
"1607","CD630_06011","COG2226","Biotin biosynthesis"
"1608","CD630_02430","COG2226","Biotin biosynthesis"
"1609","CD630_17590","COG2227","Ubiquinone biosynthesis"
"1610","CD630_06730","COG2230",""
"1611","CD630_01770","COG2230",""
"1612","CD630_32120","COG2230",""
"1613","CD630_20900","COG2233","Pyrimidine degradation"
"1614","CD630_20910","COG2233","Pyrimidine degradation"
"1615","CD630_25940","COG2233","Pyrimidine degradation"
"1616","CD630_20750","COG2233","Pyrimidine degradation"
"1617","CD630_31800","COG2233","Pyrimidine degradation"
"1618","CD630_24360","COG2239",""
"1619","CD630_13530","COG2240","Pyridoxal phosphate biosynthesis"
"1620","CD630_34280","COG2241","Cobalamine/B12 biosynthesis"
"1621","CD630_34270","COG2242","Cobalamine/B12 biosynthesis"
"1622","CD630_34220","COG2243","Cobalamine/B12 biosynthesis"
"1623","CD630_27880","COG2246",""
"1624","CD630_27860","COG2247",""
"1625","CD630_27840","COG2247",""
"1626","CD630_27130","COG2247",""
"1627","CD630_27820","COG2247",""
"1628","CD630_05140","COG2247",""
"1629","CD630_08440","COG2247",""
"1630","CD630_31920","COG2247",""
"1631","CD630_27990","COG2247",""
"1632","CD630_25180","COG2247",""
"1633","CD630_27950","COG2247",""
"1634","CD630_27350","COG2247",""
"1635","CD630_10350","COG2247",""
"1636","CD630_04400","COG2247",""
"1637","CD630_18030","COG2247",""
"1638","CD630_19870","COG2247",""
"1639","CD630_14690","COG2247",""
"1640","CD630_17510","COG2247",""
"1641","CD630_27670","COG2247",""
"1642","CD630_10470","COG2247",""
"1643","CD630_27960","COG2247",""
"1644","CD630_27980","COG2247",""
"1645","CD630_10360","COG2247",""
"1646","CD630_27930","COG2247",""
"1647","CD630_12330","COG2247",""
"1648","CD630_27910","COG2247",""
"1649","CD630_27930","COG2247",""
"1650","CD630_27940","COG2247",""
"1651","CD630_27870","COG2247",""
"1652","CD630_27890","COG2247",""
"1653","CD630_27040","COG2252",""
"1654","CD630_21070","COG2252",""
"1655","CD630_28050","COG2255",""
"1656","CD630_08600","COG2256",""
"1657","CD630_12760","COG2256",""
"1658","CD630_17150","COG2258",""
"1659","CD630_22090","COG2262",""
"1660","CD630_07880","COG2262",""
"1661","CD630_24500","COG2264",""
"1662","CD630_04060","COG2265","tRNA modification"
"1663","CD630_33930","COG2265","tRNA modification"
"1664","CD630_15700","COG2267",""
"1665","CD630_24230","COG2271",""
"1666","CD630_16200","COG2271",""
"1667","CD630_35760","COG2271",""
"1668","CD630_33120","COG2271",""
"1669","CD630_16400","COG2301",""
"1670","CD630_26200","COG2302",""
"1671","CD630_35950","COG2309",""
"1672","CD630_17990","COG2310",""
"1673","CD630_16360","COG2310",""
"1674","CD630_16340","COG2310",""
"1675","CD630_16350","COG2310",""
"1676","CD630_18000","COG2310",""
"1677","CD630_02290","COG2747",""
"1678","CD630_15760","COG2755",""
"1679","CD630_07180","COG2759",""
"1680","CD630_36180","COG2764",""
"1681","CD630_31790","COG2768",""
"1682","CD630_02950","COG2768",""
"1683","CD630_32960","COG2804",""
"1684","CD630_35120","COG2804",""
"1685","CD630_35050","COG2805",""
"1686","CD630_35490","COG2812",""
"1687","CD630_00160","COG2812",""
"1688","CD630_24580","COG2814",""
"1689","CD630_32990","COG2814",""
"1690","CD630_08150","COG2814",""
"1691","CD630_13800","COG2814",""
"1692","CD630_25060","COG2814",""
"1693","CD630_20190","COG2814",""
"1694","CD630_25780","COG2815",""
"1695","CD630_36220","COG2824",""
"1696","CD630_15980","COG2827",""
"1697","CD630_34640","COG2834",""
"1698","CD630_01730","COG2843",""
"1699","CD630_35450","COG2844",""
"1700","CD630_26260","COG2848",""
"1701","CD630_01900","COG2855",""
"1702","CD630_29270","COG2856",""
"1703","CD630_21650","COG2856",""
"1704","CD630_11620","COG2868",""
"1705","CD630_18250","COG2873","Methionine biosynthesis"
"1706","CD630_34260","COG2875","Cobalamine/B12 biosynthesis"
"1707","CD630_14530","COG2876","Aromatic amino acid biosynthesis"
"1708","CD630_18320","COG2876","Aromatic amino acid biosynthesis"
"1709","CD630_11420","COG2878","Na+-translocating Fd:NADH oxidoreductase"
"1710","CD630_34060","COG2878","Na+-translocating Fd:NADH oxidoreductase"
"1711","CD630_02520","COG2882",""
"1712","CD630_19290","COG2885",""
"1713","CD630_34850","COG2890",""
"1714","CD630_02840","COG2893",""
"1715","CD630_32780","COG2893",""
"1716","CD630_30670","COG2893",""
"1717","CD630_04910","COG2893",""
"1718","CD630_10740","COG2893",""
"1719","CD630_02860","COG2893",""
"1720","CD630_11500","COG2894",""
"1721","CD630_17130","COG2896","23S rRNA modification"
"1722","CD630_13910","COG2936",""
"1723","CD630_33880","COG2946",""
"1724","CD630_04990","COG2946",""
"1725","CD630_03810","COG2946",""
"1726","CD630_33430","COG2946",""
"1727","CD630_11850","COG2956",""
"1728","CD630_20360","COG2957",""
"1729","CD630_27270","COG2966",""
"1730","CD630_05170","COG2966",""
"1731","CD630_30450","COG2971",""
"1732","CD630_15850","COG2971",""
"1733","CD630_06100","COG2972",""
"1734","CD630_24450","COG3476",""
"1735","CD630_18490","COG3505",""
"1736","CD630_04120","COG3505",""
"1737","CD630_11150","COG3505",""
"1738","CD630_00330","COG3507",""
"1739","CD630_17170","COG3535",""
"1740","CD630_05980","COG3546",""
"1741","CD630_15670","COG3546",""
"1742","CD630_24010","COG3546",""
"1743","CD630_28650","COG3546",""
"1744","CD630_09370","COG3561",""
"1745","CD630_29300","COG3561",""
"1746","CD630_21500","COG3568",""
"1747","CD630_18930","COG3760",""
"1748","CD630_19690","COG3760",""
"1749","CD630_34540","COG3760",""
"1750","CD630_35630","COG3773",""
"1751","CD630_27780","COG3774",""
"1752","CD630_22800","COG3775",""
"1753","CD630_23250","COG3775",""
"1754","CD630_00430","COG3775",""
"1755","CD630_17210","COG3797",""
"1756","CD630_04420","COG3804",""
"1757","CD630_30070","COG3807",""
"1758","CD630_11350","COG3807",""
"1759","CD630_16770","COG3817",""
"1760","CD630_16780","COG3819",""
"1761","CD630_22480","COG3825",""
"1762","CD630_08060","COG3829",""
"1763","CD630_01670","COG3829",""
"1764","CD630_04020","COG3829",""
"1765","CD630_04410","COG3829",""
"1766","CD630_28690","COG3829",""
"1767","CD630_30940","COG3829",""
"1768","CD630_31860","COG3829",""
"1769","CD630_32330","COG3829",""
"1770","CD630_32450","COG3829",""
"1771","CD630_23830","COG3829",""
"1772","CD630_11860","COG3829",""
"1773","CD630_14120","COG3829",""
"1774","CD630_20920","COG3829",""
"1775","CD630_27000","COG3829",""
"1776","CD630_27320","COG3829",""
"1777","CD630_28630","COG3829",""
"1778","CD630_26270","COG3830",""
"1779","CD630_14940","COG3837",""
"1780","CD630_16640","COG3837",""
"1781","CD630_23130","COG3839",""
"1782","CD630_24560","COG3839",""
"1783","CD630_34170","COG3839",""
"1784","CD630_35300","COG3842",""
"1785","CD630_10240","COG3842",""
"1786","CD630_35270","COG3842",""
"1787","CD630_33940","COG3848",""
"1788","CD630_16390","COG3853",""
"1789","CD630_23360","COG3853",""
"1790","CD630_11920","COG3854",""
"1791","CD630_11910","COG3855","Gluconeogenesis"
"1792","CD630_26470","COG3856",""
"1793","CD630_10400","COG3857",""
"1794","CD630_30260","COG3860",""
"1795","CD630_30380","COG3864",""
"1796","CD630_00250","COG3869",""
"1797","CD630_34860","COG3872",""
"1798","CD630_12980","COG3874",""
"1799","CD630_11700","COG3875",""
"1800","CD630_32970","COG3879",""
"1801","CD630_26490","COG3879",""
"1802","CD630_26480","COG3879",""
"1803","CD630_00240","COG3880",""
"1804","CD630_36590","COG3887",""
"1805","CD630_07300","COG3894",""
"1806","CD630_12860","COG3906",""
"1807","CD630_19110","COG3920",""
"1808","CD630_05160","COG3933",""
"1809","CD630_00400","COG3933",""
"1810","CD630_02830","COG3933",""
"1811","CD630_22830","COG3933",""
"1812","CD630_23280","COG3933",""
"1813","CD630_32800","COG3933",""
"1814","CD630_36530","COG3935",""
"1815","CD630_29430","COG3935",""
"1816","CD630_32370","COG3938",""
"1817","CD630_01310","COG3949",""
"1818","CD630_08300","COG3949",""
"1819","CD630_28370","COG3949",""
"1820","CD630_34580","COG3949",""
"1821","CD630_34970","COG3956",""
"1822","CD630_34590","COG3958",""
"1823","CD630_23210","COG3958",""
"1824","CD630_23220","COG3959",""
"1825","CD630_34600","COG3959",""
"1826","CD630_36430","COG3964",""
"1827","CD630_36060","COG3964",""
"1828","CD630_28540","COG3966",""
"1829","CD630_05940","COG3969",""
"1830","CD630_13300","COG3972",""
"1831","CD630_04550","COG3973",""
"1832","CD630_16800","COG3976",""
"1833","CD630_13420","COG5018",""
"1834","CD630_17900","COG5018",""
"1835","CD630_23970","COG5018",""
"1836","CD630_13740","COG5184",""
"1837","CD630_13740","COG5184",""
"1838","CD630_13740","COG5184",""
"1839","CD630_06600","COG5263",""
"1840","CD630_06600","COG5263",""
"1841","CD630_06630","COG5263",""
"1842","CD630_06630","COG5263",""
"1843","CD630_06630","COG5263",""
"1844","CD630_27130","COG5263",""
"1845","CD630_36380","COG5276",""
"1846","CD630_10290","COG5298",""
"1847","CD630_09660","COG5301",""
"1848","CD630_13730","COG5301",""
"1849","CD630_28980","COG5301",""
"1850","CD630_10210","COG5337",""
"1851","CD630_24820","COG5341",""
"1852","CD630_30720","COG5418",""
"1853","CD630_03040","COG5426",""
"1854","CD630_36140","COG5483",""
"1855","CD630_09430","COG5484",""
"1856","CD630_29230","COG5484",""
"1857","CD630_06800","COG5485",""
"1858","CD630_15140","COG5495",""
"1859","CD630_36170","COG5504",""
"1860","CD630_13900","COG5505",""
"1861","CD630_16450","COG5505",""
"1862","CD630_21510","COG5505",""
"1863","CD630_05460","COG5523",""
"1864","CD630_06240","COG5566",""
"1865","CD630_06270","COG5566",""
"1866","CD630_02130","COG5577",""
"1867","CD630_19940","COG5658",""
"1868","CD630_03500","COG5663",""
"1869","CD630_12140","COG5801",""
"1870","CD630_07700","COG5815",""
"1871","CD630_34900","COG5817",""
"1872","YP_001089155.1","COG5818",""
"1873","YP_001088983.1","COG5819",""
"1874","CD630_01250","COG5821",""
"1875","YP_001090087.1","COG5822",""
"1876","YP_001087686.1","COG5823",""
"1877","YP_001087687.1","COG5824",""
"1878","YP_001087688.1","COG5825",""
"1879","YP_001087689.1","COG5826",""
"1880","YP_001087690.1","COG5827",""
"1881","YP_001087691.1","COG5828",""
"1882","YP_001087692.1","COG5829",""
"1883","YP_001086595.1","COG5830",""
"1884","YP_001089140.1","COG5831",""
"1885","YP_001087260.1","COG5832",""
"1886","YP_001087706.1","COG5832",""
"1887","YP_001087250.1","COG5836",""
"1888","YP_001087251.1","COG5837",""
"1889","YP_001087252.1","COG5839",""
"1890","CD630_10680","COG5841",""
"1891","CD630_34980","COG5841",""
"1892","CD630_29680","COG5842",""
"1893","CD630_29670","COG5843",""
"1894","CD630_34990","COG5845",""
"1895","YP_001089199.1","COG5852",""
"1896","YP_001089765.1","COG5852",""
"1897","YP_001089737.1","COG5864",""
"1898","YP_001090092.1","COG5866",""
"1899","YP_001088956.1","COG5868",""
"1900","YP_001090015.1","COG5868",""
"1901","YP_001090014.1","COG5869",""
"1902","YP_001088955.1","COG5872",""
"1903","YP_001087047.1","COG5874",""
"1904","YP_001087259.1","COG5875",""
"1905","YP_001086598.1","COG5878",""
"1906","YP_001087072.1","COG5883",""
"1907","YP_001088912.1","COG5883",""
"1908","YP_001087850.1","COG5890",""
"1909","YP_001088984.1","COG5911",""
"1910","YP_001089313.1","COG5923",""
"1911","WP_011861771.1","COG5939","CRISPR-Cas system"
