"","Gene_Locus_ID","Gene_Symbol","Gene_Function","KEGG_Pathway"
"1","SPy_0002","dnaA","(GenBank) Chromosomal initiator protein","Two-component system"
"2","SPy_0003","dnaN","(GenBank) beta subunit of DNA polymerase III","DNA replication, Mismatch repair, Homologous recombination"
"3","SPy_0008","trcF","(GenBank) putative transcription-repair coupling factor","Nucleotide excision repair"
"4","SPy_0012","","(GenBank) hypothetical protein","beta-Lactam resistance, Two-component system"
"5","SPy_r01","","(GenBank) 16S ribosomal RNA","Ribosome"
"6","SPy_t01","","(GenBank) tRNA-Ala","Aminoacyl-tRNA biosynthesis"
"7","SPy_r02","","(GenBank) 23S ribosomal RNA","Ribosome"
"8","SPy_t02","","(GenBank) tRNA-Val","Aminoacyl-tRNA biosynthesis"
"9","SPy_t03","","(GenBank) tRNA-Asp","Aminoacyl-tRNA biosynthesis"
"10","SPy_t04","","(GenBank) tRNA-Lys","Aminoacyl-tRNA biosynthesis"
"11","SPy_t05","","(GenBank) tRNA-Leu","Aminoacyl-tRNA biosynthesis"
"12","SPy_t06","","(GenBank) tRNA-Thr","Aminoacyl-tRNA biosynthesis"
"13","SPy_t07","","(GenBank) tRNA-Gly","Aminoacyl-tRNA biosynthesis"
"14","SPy_t08","","(GenBank) tRNA-Leu","Aminoacyl-tRNA biosynthesis"
"15","SPy_t09","","(GenBank) tRNA-Arg","Aminoacyl-tRNA biosynthesis"
"16","SPy_t10","","(GenBank) tRNA-Pro","Aminoacyl-tRNA biosynthesis"
"17","SPy_r03","","(GenBank) 16S ribosomal RNA","Ribosome"
"18","SPy_t11","","(GenBank) tRNA-Ala","Aminoacyl-tRNA biosynthesis"
"19","SPy_r04","","(GenBank) 23S ribosomal RNA","Ribosome"
"20","SPy_t12","","(GenBank) tRNA-Val","Aminoacyl-tRNA biosynthesis"
"21","SPy_t13","","(GenBank) tRNA-Gly","Aminoacyl-tRNA biosynthesis"
"22","SPy_t14","","(GenBank) tRNA-Ile","Aminoacyl-tRNA biosynthesis"
"23","SPy_t15","","(GenBank) tRNA-Glu","Aminoacyl-tRNA biosynthesis"
"24","SPy_t16","","(GenBank) tRNA-Ser","Aminoacyl-tRNA biosynthesis"
"25","SPy_t17","","(GenBank) tRNA-Met","Aminoacyl-tRNA biosynthesis"
"26","SPy_t18","","(GenBank) tRNA-Phe","Aminoacyl-tRNA biosynthesis"
"27","SPy_t19","","(GenBank) tRNA-Gly","Aminoacyl-tRNA biosynthesis"
"28","SPy_t20","","(GenBank) tRNA-Ile","Aminoacyl-tRNA biosynthesis"
"29","SPy_t21","","(GenBank) tRNA-Ser","Aminoacyl-tRNA biosynthesis"
"30","SPy_0020","prsA.2","(GenBank) putative ribose-phosphate pyrophosphokinase","Pentose phosphate pathway, Purine metabolism, Metabolic pathways, Biosynthesis of secondary metabolites, Microbial metabolism in diverse environments, Carbon metabolism, Biosynthesis of amino acids"
"31","SPy_0021","","(GenBank) conserved hypothetical protein","Homologous recombination"
"32","SPy_0022","plsX","(GenBank) putative fatty acid/phospholipid synthesis protein","Glycerolipid metabolism, Metabolic pathways, Biosynthesis of secondary metabolites"
"33","SPy_0023","acpP.2","(GenBank) putative acyl carrier protein","Metabolic pathways, Biosynthesis of secondary metabolites"
"34","SPy_0024","purC","(GenBank) putative phosphoribosylaminoimidazole - succinocarboxamide synthase (SAICAR synthetase)","Purine metabolism, Metabolic pathways, Biosynthesis of secondary metabolites"
"35","SPy_0025","","(GenBank) putative phosphoribosylformylglycinamidine synthase II","Purine metabolism, Metabolic pathways, Biosynthesis of secondary metabolites"
"36","SPy_0026","purF","(GenBank) putative phosphoribosylpyrophosphate amidotransferase","Purine metabolism, Alanine, aspartate and glutamate metabolism, Metabolic pathways, Biosynthesis of secondary metabolites"
"37","SPy_0027","purM","(GenBank) putative phosphoribosylformylglycinamide cyclo-ligase","Purine metabolism, Metabolic pathways, Biosynthesis of secondary metabolites"
"38","SPy_0028","purN","(GenBank) Phosphoribosylglycinamide formyltransferase","Purine metabolism, One carbon pool by folate, Metabolic pathways, Biosynthesis of secondary metabolites"
"39","SPy_0032","purD","(GenBank) phosphoribosylamine-glycine ligase","Purine metabolism, Metabolic pathways, Biosynthesis of secondary metabolites"
"40","SPy_0033","purE","(GenBank) putative phosphoribosylaminoimidazole carboxylase I","Purine metabolism, Metabolic pathways, Biosynthesis of secondary metabolites"
"41","SPy_0034","purK","(GenBank) phosphoribosylaminoimidazole carboxylase II","Purine metabolism, Metabolic pathways, Biosynthesis of secondary metabolites"
"42","SPy_0036","purB","(GenBank) adenylosuccinate lyase","Purine metabolism, Alanine, aspartate and glutamate metabolism, Metabolic pathways, Biosynthesis of secondary metabolites, Nucleotide metabolism, Biosynthesis of cofactors"
"43","SPy_0037","","(GenBank) hypothetical protein","Quorum sensing"
"44","SPy_0038","ruvB","(GenBank) putative Holliday junction DNA helicase, subunit B","Homologous recombination"
"45","SPy_0039","","(GenBank) putative protein-tyrosine phosphatase","Two-component system"
"46","SPy_0044","adhA","(GenBank) putative alcohol dehydrogenase I","Glycolysis / Gluconeogenesis, Fatty acid degradation, Tyrosine metabolism, Pyruvate metabolism, Chloroalkane and chloroalkene degradation, Naphthalene degradation, Metabolic pathways, Biosynthesis of secondary metabolites, Microbial metabolism in diverse environments, Degradation of aromatic compounds"
"47","SPy_0047","rpsJ","(GenBank) 30S ribosomal protein S10","Ribosome"
"48","SPy_0049","rplC","(GenBank) 50S ribosomal protein L3","Ribosome"
"49","SPy_0050","rplD","(GenBank) 50S ribosomal protein L4","Ribosome"
"50","SPy_0051","rplW","(GenBank) 50S ribosomal protein L23","Ribosome"
"51","SPy_0052","rplB","(GenBank) 50S ribosomal protein L2","Ribosome"
"52","SPy_0053","rpsS","(GenBank) 30S ribosomal protein S19","Ribosome"
"53","SPy_0055","rplV","(GenBank) 50S ribosomal protein L22","Ribosome"
"54","SPy_0056","rpsC","(GenBank) 30S ribosomal protein S3","Ribosome"
"55","SPy_0057","rplP","(GenBank) 50S ribosomal protein L16","Ribosome"
"56","SPy_0059","rpmC","(GenBank) 50S ribosomal protein L29","Ribosome"
"57","SPy_0060","rpsQ","(GenBank) 30S ribosomal protein S17","Ribosome"
"58","SPy_0061","","(GenBank) 50S ribosomal protein L14","Ribosome"
"59","SPy_0062","rplX","(GenBank) 50S ribosomal protein L24","Ribosome"
"60","SPy_0063","rplE","(GenBank) 50S ribosomal protein L5","Ribosome"
"61","SPy_0064","rpsN","(GenBank) 30S ribosomal protein S14","Ribosome"
"62","SPy_0065","rpsH","(GenBank) 30S ribosomal protein S8","Ribosome"
"63","SPy_0066","rplF","(GenBank) 50S ribosomal protein L6","Ribosome"
"64","SPy_0067","rplR","(GenBank) 50S ribosomal protein L18","Ribosome"
"65","SPy_0069","rpsE","(GenBank) 30S ribosomal protein S5","Ribosome"
"66","SPy_0071","rpmD","(GenBank) 50S ribosomal protein L30","Ribosome"
"67","SPy_0072","rplO","(GenBank) 50S ribosomal protein L15","Ribosome"
"68","SPy_0073","secY","(GenBank) putative preprotein translocase","Quorum sensing, Protein export, Bacterial secretion system"
"69","SPy_0074","adk","(GenBank) adenylate kinase","Purine metabolism, Thiamine metabolism, Metabolic pathways, Biosynthesis of secondary metabolites, Nucleotide metabolism, Biosynthesis of cofactors"
"70","SPy_0076","rpmJ","(GenBank) 50S ribosomal protein B","Ribosome"
"71","SPy_0077","rpsM","(GenBank) 30S ribosomal protein S13","Ribosome"
"72","SPy_0078","rpsK","(GenBank) 30S ribosomal protein S11","Ribosome"
"73","SPy_0080","rpoA","(GenBank) DNA-directed RNA polymerase alpha subunit","RNA polymerase"
"74","SPy_r05","","(GenBank) 16S ribosomal RNA","Ribosome"
"75","SPy_t22","","(GenBank) tRNA-Ala","Aminoacyl-tRNA biosynthesis"
"76","SPy_r06","","(GenBank) 23S ribosomal RNA","Ribosome"
"77","SPy_t23","","(GenBank) tRNA-Val","Aminoacyl-tRNA biosynthesis"
"78","SPy_t24","","(GenBank) tRNA-Gly","Aminoacyl-tRNA biosynthesis"
"79","SPy_t25","","(GenBank) tRNA-Ile","Aminoacyl-tRNA biosynthesis"
"80","SPy_t26","","(GenBank) tRNA-Glu","Aminoacyl-tRNA biosynthesis"
"81","SPy_t27","","(GenBank) tRNA-Ser","Aminoacyl-tRNA biosynthesis"
"82","SPy_t28","","(GenBank) tRNA-Met","Aminoacyl-tRNA biosynthesis"
"83","SPy_t29","","(GenBank) tRNA-Phe","Aminoacyl-tRNA biosynthesis"
"84","SPy_t30","","(GenBank) tRNA-Tyr","Aminoacyl-tRNA biosynthesis"
"85","SPy_t31","","(GenBank) tRNA-Trp","Aminoacyl-tRNA biosynthesis"
"86","SPy_t32","","(GenBank) tRNA-His","Aminoacyl-tRNA biosynthesis"
"87","SPy_t33","","(GenBank) tRNA-Gln","Aminoacyl-tRNA biosynthesis"
"88","SPy_t34","","(GenBank) tRNA-Leu","Aminoacyl-tRNA biosynthesis"
"89","SPy_0093","adcC","(GenBank) ABC transporter (ATP-binding protein)","ABC transporters"
"90","SPy_0094","adcB","(GenBank) putative ABC transporter (permease)","ABC transporters"
"91","SPy_0096","tyrS","(GenBank) putative tyrosine-tRNA ligase","Aminoacyl-tRNA biosynthesis"
"92","SPy_0097","pbp1b","(GenBank) putative penicillin-binding protein 1b","Peptidoglycan biosynthesis, Metabolic pathways, beta-Lactam resistance"
"93","SPy_0098","rpoB","(GenBank) putative DNA-dependent RNA polymerase subunit beta","RNA polymerase"
"94","SPy_0099","rpoC","(GenBank) DNA-dependent RNA polymerase, B' subunit","RNA polymerase"
"95","SPy_0109","ackA","(GenBank) acetate kinase","Taurine and hypotaurine metabolism, Pyruvate metabolism, Propanoate metabolism, Methane metabolism, Metabolic pathways, Microbial metabolism in diverse environments, Carbon metabolism"
"96","SPy_0112","proC","(GenBank) putative pyrroline carboxylate reductase","Arginine and proline metabolism, Metabolic pathways, Biosynthesis of secondary metabolites, Biosynthesis of amino acids"
"97","SPy_0127","","(GenBank) putative signal peptidase I","Protein export"
"98","SPy_0137","atoE","(GenBank) putative short-chain fatty acids transporter","Two-component system"
"99","SPy_0140","","(GenBank) putative acetyl-CoA acetyltransferase","Fatty acid degradation, Valine, leucine and isoleucine degradation, Lysine degradation, Benzoate degradation, Tryptophan metabolism, Pyruvate metabolism, Glyoxylate and dicarboxylate metabolism, Butanoate metabolism, Terpenoid backbone biosynthesis, Metabolic pathways, Biosynthesis of secondary metabolites, Microbial metabolism in diverse environments, Carbon metabolism, Fatty acid metabolism, Two-component system"
"100","SPy_0141","atoD.2","(GenBank) putative acetyl-CoA:acetoacetyl-CoA transferase alpha subunit","Lysine degradation, Aminobenzoate degradation, Butanoate metabolism, Metabolic pathways, Microbial metabolism in diverse environments, Two-component system"
"101","SPy_0142","","(GenBank) butyrate-acetoacetate CoA-transferase, beta subunit","Lysine degradation, Aminobenzoate degradation, Butanoate metabolism, Metabolic pathways, Microbial metabolism in diverse environments, Two-component system"
"102","SPy_0148","ntpI","(GenBank) V-type Na+ -ATPase subunit I","Oxidative phosphorylation, Metabolic pathways"
"103","SPy_0149","ntpK","(GenBank) V-type Na+ -ATPase subunit K","Oxidative phosphorylation, Metabolic pathways"
"104","SPy_0150","ntpE","(GenBank) putative V-type Na+ -ATPase subunit E","Oxidative phosphorylation, Metabolic pathways"
"105","SPy_0151","ntpC","(GenBank) putative V-type Na+ -ATPase subunit C","Oxidative phosphorylation, Metabolic pathways"
"106","SPy_0154","ntpA","(GenBank) putative V-type Na+ -ATPase alpha subunit","Oxidative phosphorylation, Metabolic pathways"
"107","SPy_0155","ntpB","(GenBank) putative V-type Na+ -ATPase subunit B","Oxidative phosphorylation, Metabolic pathways"
"108","SPy_0157","ntpD","(GenBank) putative V-type Na+ -ATPase subunit D","Oxidative phosphorylation, Metabolic pathways"
"109","SPy_0160","purA","(GenBank) putative adenylosuccinate synthetase","Purine metabolism, Alanine, aspartate and glutamate metabolism, Metabolic pathways, Nucleotide metabolism, Biosynthesis of cofactors"
"110","SPy_0163","","(GenBank) putative ABC transporter (lipoprotein)","ABC transporters"
"111","SPy_0165","nga","(GenBank) nicotine adenine dinucleotide glycohydrolase precursor","Nicotinate and nicotinamide metabolism, Metabolic pathways"
"112","SPy_0167","slo","(GenBank) streptolysin O precursor","Quorum sensing"
"113","SPy_0172","metB","(GenBank) putative cystathionine beta-lyase","Cysteine and methionine metabolism, Selenocompound metabolism, Metabolic pathways, Biosynthesis of secondary metabolites, Biosynthesis of amino acids"
"114","SPy_0173","leuS","(GenBank) putative leucyl-tRNA synthetase","Aminoacyl-tRNA biosynthesis"
"115","SPy_0174","","(GenBank) conserved hypothetical protein","Ascorbate and aldarate metabolism, Metabolic pathways, Microbial metabolism in diverse environments, Phosphotransferase system (PTS)"
"116","SPy_0175","","(GenBank) conserved hypothetical protein","Ascorbate and aldarate metabolism, Metabolic pathways, Microbial metabolism in diverse environments, Phosphotransferase system (PTS)"
"117","SPy_0176","","(GenBank) conserved hypothetical protein","Ascorbate and aldarate metabolism, Metabolic pathways, Microbial metabolism in diverse environments, Phosphotransferase system (PTS)"
"118","SPy_0177","","(GenBank) putative hexulose-6-phosphate synthase","Pentose and glucuronate interconversions, Ascorbate and aldarate metabolism, Metabolic pathways, Microbial metabolism in diverse environments"
"119","SPy_0178","","(GenBank) putative hexulose-6-phosphate isomerase","Pentose and glucuronate interconversions, Ascorbate and aldarate metabolism, Metabolic pathways, Microbial metabolism in diverse environments"
"120","SPy_0179","araD","(GenBank) putative L-ribulose 5-phosphate 4-epimerase","Pentose and glucuronate interconversions, Ascorbate and aldarate metabolism, Metabolic pathways, Microbial metabolism in diverse environments"
"121","SPy_0182","","(GenBank) conserved hypothetical protein","Ascorbate and aldarate metabolism, Metabolic pathways, Microbial metabolism in diverse environments"
"122","SPy_0183","opuAA","(GenBank) putative glycine betaine/proline ABC transporter (ATP-binding protein)","ABC transporters"
"123","SPy_0184","opuABC","(GenBank) putative glycine-betaine binding permease protein","ABC transporters"
"124","SPy_0185","polA","(GenBank) DNA-directed DNA polymerase I","DNA replication, Base excision repair, Nucleotide excision repair, Homologous recombination"
"125","SPy_0197","nadC","(GenBank) putative nicotinate-nucleotide pyrophosphorylase","Nicotinate and nicotinamide metabolism, Metabolic pathways, Biosynthesis of cofactors"
"126","SPy_0207","","(GenBank) putative biotin synthase","ABC transporters"
"127","SPy_0215","pgi","(GenBank) glucose-6-phosphate isomerase","Glycolysis / Gluconeogenesis, Pentose phosphate pathway, Starch and sucrose metabolism, Amino sugar and nucleotide sugar metabolism, Metabolic pathways, Biosynthesis of secondary metabolites, Microbial metabolism in diverse environments, Carbon metabolism, Biosynthesis of nucleotide sugars"
"128","SPy_0224","hasC.2","(GenBank) putative UDP-glucose pyrophosphorylase","Pentose and glucuronate interconversions, Galactose metabolism, Starch and sucrose metabolism, Amino sugar and nucleotide sugar metabolism, O-Antigen nucleotide sugar biosynthesis, Metabolic pathways, Biosynthesis of secondary metabolites, Biosynthesis of cofactors, Biosynthesis of nucleotide sugars"
"129","SPy_0226","gpsA","(GenBank) putative NAD(P)H-dependent glycerol-3-phosphate dehydrogenase","Glycerophospholipid metabolism, Biosynthesis of secondary metabolites"
"130","SPy_0229","","(GenBank) putative ABC transporter, ATP-binding protein","ABC transporters"
"131","SPy_0230","","(GenBank) putative ABC transporter (ATP-binding protein)","ABC transporters"
"132","SPy_0235","","(GenBank) putative dUTPase, phage associated","Pyrimidine metabolism, Metabolic pathways, Nucleotide metabolism"
"133","SPy_0237","","(GenBank) conserved hypothetical protein","Nitrogen metabolism, Metabolic pathways"
"134","SPy_0239","gltX","(GenBank) putative glutamyl-tRNA synthetase","Aminoacyl-tRNA biosynthesis, Metabolic pathways, Biosynthesis of cofactors"
"135","SPy_0242","","(GenBank) putative histidine kinase, possibly involved in competence","Two-component system, Quorum sensing"
"136","SPy_0244","","(GenBank) putative histidine kinase","Two-component system, Quorum sensing"
"137","SPy_0245","","(GenBank) putative response regulator","Two-component system, Quorum sensing"
"138","SPy_0247","","(GenBank) conserved hypothetical protein","Quorum sensing, Protein export, Bacterial secretion system"
"139","SPy_0250","rpmH","(GenBank) 50S ribosomal protein L34","Ribosome"
"140","SPy_0251","","(GenBank) putative N-acetylmannosamine-6-P epimerase","Amino sugar and nucleotide sugar metabolism, Metabolic pathways"
"141","SPy_0257","nanH","(GenBank) putative acylneuraminate lyase","Amino sugar and nucleotide sugar metabolism, Metabolic pathways"
"142","SPy_0263","","(GenBank) conserved hypothetical protein","Thiamine metabolism, Metabolic pathways"
"143","SPy_0264","rpe","(GenBank) putative ribulose-phosphate 3-epimerase","Pentose phosphate pathway, Pentose and glucuronate interconversions, Metabolic pathways, Biosynthesis of secondary metabolites, Microbial metabolism in diverse environments, Carbon metabolism, Biosynthesis of amino acids"
"144","SPy_0271","rpsL","(GenBank) 30S ribosomal protein S12","Ribosome"
"145","SPy_0272","rpsG","(GenBank) 30S ribosomal protein S7","Ribosome"
"146","SPy_0274","plr","(GenBank) glyceraldehyde-3-phosphate dehydrogenase, plasmin receptor","Glycolysis / Gluconeogenesis, Metabolic pathways, Biosynthesis of secondary metabolites, Microbial metabolism in diverse environments, Carbon metabolism, Biosynthesis of amino acids"
"147","SPy_0276","","(GenBank) putative amino acid ABC transporter (ATP-binding protein)","ABC transporters"
"148","SPy_0277","","(GenBank) putative glutamine-binding periplasmic protein","ABC transporters"
"149","SPy_0280","bacA","(GenBank) putative undecaprenol kinase (bacitracin resistance protein)","Peptidoglycan biosynthesis, Teichoic acid biosynthesis"
"150","SPy_0282","rgpG","(GenBank) possibly involved in regulation of genetic competence","O-Antigen repeat unit biosynthesis, Teichoic acid biosynthesis, Metabolic pathways"
"151","SPy_0288","","(GenBank) putative aminotransferase","Selenocompound metabolism, Metabolic pathways"
"152","SPy_0292","dacA","(GenBank) penicillin-binding protein (D-alanyl-D-alanine carboxypeptidase)","Peptidoglycan biosynthesis, Metabolic pathways"
"153","SPy_0294","oppB","(GenBank) oligopeptidepermease","beta-Lactam resistance, ABC transporters, Quorum sensing"
"154","SPy_0295","oppC","(GenBank) oligopeptidepermease","beta-Lactam resistance, ABC transporters, Quorum sensing"
"155","SPy_0296","oppD","(GenBank) oligopeptidepermease (ATP-binding protein)","beta-Lactam resistance, ABC transporters, Quorum sensing"
"156","SPy_0297","oppF","(GenBank) oligopeptidepermease","beta-Lactam resistance, ABC transporters, Quorum sensing"
"157","SPy_r07","","(GenBank) 16S ribosomal RNA","Ribosome"
"158","SPy_t35","","(GenBank) tRNA-Ala","Aminoacyl-tRNA biosynthesis"
"159","SPy_r08","","(GenBank) 23S ribosomal RNA","Ribosome"
"160","SPy_t36","","(GenBank) tRNA-Asn","Aminoacyl-tRNA biosynthesis"
"161","SPy_t37","","(GenBank) tRNA-Arg","Aminoacyl-tRNA biosynthesis"
"162","SPy_0300","comX1.1","(GenBank) putative competence protein","Two-component system, Quorum sensing"
"163","SPy_0308","","(GenBank) conserved hypothetical protein","Nicotinate and nicotinamide metabolism, Metabolic pathways, Biosynthesis of cofactors"
"164","SPy_0317","","(GenBank) conserved hypothetical protein","ABC transporters, Flagellar assembly"
"165","SPy_0319","","(GenBank) conserved hypothetical protein","ABC transporters"
"166","SPy_0320","","(GenBank) putative ABC transporter (ATP-binding protein)h","ABC transporters"
"167","SPy_0321","","(GenBank) putative ABC transporter (permease protein)","ABC transporters"
"168","SPy_0345","murC","(GenBank) putative UDP-N-acetyl muramate-alanine ligase","Peptidoglycan biosynthesis, Metabolic pathways"
"169","SPy_0351","","(GenBank) hypothetical protein","Quorum sensing, Protein export, Bacterial secretion system"
"170","SPy_0352","","(GenBank) putative acylphosphatase","Pyruvate metabolism, Aminobenzoate degradation, Metabolic pathways, Microbial metabolism in diverse environments"
"171","SPy_0361","glr","(GenBank) putative glutamate racemase","D-Amino acid metabolism, Metabolic pathways"
"172","SPy_0362","","(GenBank) hypothetical protein","Purine metabolism, Metabolic pathways, Nucleotide metabolism"
"173","SPy_0374","","(GenBank) conserved hypothetical protein","Peptidoglycan biosynthesis, Teichoic acid biosynthesis"
"174","SPy_0380","","(GenBank) putative manganese-dependent inorganic pyrophosphatase (intrageneric coaggregation-relevant adhesin)","Oxidative phosphorylation"
"175","SPy_0388","murE","(GenBank) putative UDP-N-acetylmuramoylalanyl-D-glutamyl-2,6-diaminopimelate ligase","Peptidoglycan biosynthesis, Metabolic pathways"
"176","SPy_0392","upp","(GenBank) putative uracil phosphoribosyltransferase","Pyrimidine metabolism, Metabolic pathways, Nucleotide metabolism"
"177","SPy_0399","tmk","(GenBank) putative thymidylate kinase","Pyrimidine metabolism, Metabolic pathways, Nucleotide metabolism"
"178","SPy_0400","","(GenBank) putative DNA polymerase III delta' subunit","DNA replication, Mismatch repair, Homologous recombination"
"179","SPy_0412","exoA","(GenBank) putative 3'-exo-deoxyribonuclease","Base excision repair"
"180","SPy_0422","metS","(GenBank) putative methionyl-tRNA synthetase","Selenocompound metabolism, Aminoacyl-tRNA biosynthesis, Metabolic pathways"
"181","SPy_0425","nrdF.1","(GenBank) putative ribonucleotide reductase 2","Purine metabolism, Pyrimidine metabolism, Metabolic pathways, Nucleotide metabolism"
"182","SPy_0427","nrdE.1","(GenBank) ribonucleoside-diphosphate reductase, large chain","Purine metabolism, Pyrimidine metabolism, Metabolic pathways, Nucleotide metabolism"
"183","SPy_0440","","(GenBank) putative dehydrogenease / oxidoreductase","Fatty acid biosynthesis, Biotin metabolism, Metabolic pathways, Biosynthesis of secondary metabolites, Fatty acid metabolism, Biosynthesis of cofactors"
"184","SPy_0443","gcaD","(GenBank) putative UDP-N-acetylglucosamine pyrophosphorylase","Amino sugar and nucleotide sugar metabolism, O-Antigen nucleotide sugar biosynthesis, Metabolic pathways, Biosynthesis of nucleotide sugars"
"185","SPy_0444","","(GenBank) conserved hypothetical protein","Purine metabolism, Riboflavin metabolism, Metabolic pathways"
"186","SPy_0447","pfs","(GenBank) putative MTA/SAH nucleosidase (5'-methylthioadenosine/S-adenosylhomocysteine nucleosidase)","Cysteine and methionine metabolism, Metabolic pathways, Biosynthesis of amino acids"
"187","SPy_0453","mtsA","(GenBank) metal binding protein of ABC transporter (lipoprotein)","ABC transporters"
"188","SPy_0454","mtsB","(GenBank) ABC transporter (ATP-binding protein)","ABC transporters"
"189","SPy_0456","mtsC","(GenBank) ABC transporter (permease protein)","ABC transporters"
"190","SPy_0457","","(GenBank) putative cyclophilin-type protein","Cationic antimicrobial peptide (CAMP) resistance, Viral life cycle - HIV-1"
"191","SPy_0460","rplK","(GenBank) 50S ribosomal protein L11","Ribosome"
"192","SPy_0461","rplA","(GenBank) 50S ribosomal protein L1","Ribosome"
"193","SPy_0462","pyrH","(GenBank) putative uridylate kinase (UMP-kinase)","Pyrimidine metabolism, Metabolic pathways, Nucleotide metabolism, Biosynthesis of cofactors"
"194","SPy_0475","dgk","(GenBank) putative diacylglycerol kinase","Peptidoglycan biosynthesis"
"195","SPy_0496","mutR","(GenBank) putative positive transcriptional regulator","Quorum sensing"
"196","SPy_0497","fpg","(GenBank) putative formamidopyrimidine-DNA glycosylase","Base excision repair"
"197","SPy_0498","","(GenBank) conserved hypothetical protein","Pantothenate and CoA biosynthesis, Metabolic pathways, Biosynthesis of cofactors"
"198","SPy_0502","","(GenBank) hypothetical protein","Quorum sensing, Protein export, Bacterial secretion system"
"199","SPy_0503","","(GenBank) putative exoribonuclease R","RNA degradation"
"200","SPy_0511","gloA","(GenBank) putative lactoylglutathione lyase","Pyruvate metabolism, Metabolic pathways"
"201","SPy_0515","","(GenBank) putative sugar transferase","Glycerolipid metabolism, Metabolic pathways"
"202","SPy_0516","","(GenBank) putative glucosyl transferase","Teichoic acid biosynthesis, Glycerolipid metabolism, Metabolic pathways"
"203","SPy_0517","thrS","(GenBank) putative threonyl-tRNA synthetase 1","Aminoacyl-tRNA biosynthesis"
"204","SPy_0524","","(GenBank) putative acetyl-CoA c-acetyltransferase","Fatty acid degradation, Valine, leucine and isoleucine degradation, Lysine degradation, Benzoate degradation, Tryptophan metabolism, Pyruvate metabolism, Glyoxylate and dicarboxylate metabolism, Butanoate metabolism, Terpenoid backbone biosynthesis, Metabolic pathways, Biosynthesis of secondary metabolites, Microbial metabolism in diverse environments, Carbon metabolism, Fatty acid metabolism, Two-component system"
"205","SPy_0528","vicR","(GenBank) two-component response regulator","Two-component system"
"206","SPy_0529","vicK","(GenBank) two-component sensor histidine kinase","Two-component system"
"207","SPy_0533","","(GenBank) putative positive regulator","Quorum sensing"
"208","SPy_0534","aroE.2","(GenBank) putative shikimate 5-dehydrogenase","Phenylalanine, tyrosine and tryptophan biosynthesis, Biosynthesis of various plant secondary metabolites, Metabolic pathways, Biosynthesis of secondary metabolites, Biosynthesis of amino acids"
"209","SPy_0536","","(GenBank) conserved hypothetical protein","Methane metabolism, Metabolic pathways, Microbial metabolism in diverse environments, Biosynthesis of cofactors"
"210","SPy_0538","","(GenBank) putative S-adenosylmethionine synthetase","Cysteine and methionine metabolism, Biosynthesis of various plant secondary metabolites, Metabolic pathways, Biosynthesis of secondary metabolites, Biosynthesis of amino acids, Biosynthesis of cofactors"
"211","SPy_0542","","(GenBank) putative nucleotide sugar dehydrogenase","Pentose and glucuronate interconversions, Ascorbate and aldarate metabolism, Amino sugar and nucleotide sugar metabolism, O-Antigen nucleotide sugar biosynthesis, Metabolic pathways, Biosynthesis of cofactors, Biosynthesis of nucleotide sugars"
"212","SPy_0559","","(GenBank) hypothetical protein","Aminoacyl-tRNA biosynthesis"
"213","SPy_0569","ftsY","(GenBank) putative signal recognition particle (docking protein)","Quorum sensing, Protein export, Bacterial secretion system"
"214","SPy_0572","","(GenBank) beta-glucoside permease IIABC component","Phosphotransferase system (PTS)"
"215","SPy_0574","bglA","(GenBank) beta-glucosidase","Glycolysis / Gluconeogenesis, Starch and sucrose metabolism"
"216","SPy_0595","lysS","(GenBank) putative lysyl-tRNA synthetase","Aminoacyl-tRNA biosynthesis"
"217","SPy_0605","bsaA","(GenBank) putative glutathione peroxidase","Glutathione metabolism, Arachidonic acid metabolism, Metabolic pathways"
"218","SPy_0608","ppc","(GenBank) putative phosphoenolpyruvate carboxylase","Pyruvate metabolism, Methane metabolism, Metabolic pathways, Microbial metabolism in diverse environments, Carbon metabolism"
"219","SPy_0613","tpi","(GenBank) putative triosephosphate isomerase","Glycolysis / Gluconeogenesis, Fructose and mannose metabolism, Inositol phosphate metabolism, Metabolic pathways, Biosynthesis of secondary metabolites, Microbial metabolism in diverse environments, Carbon metabolism, Biosynthesis of amino acids"
"220","SPy_0615","murN","(GenBank) putative peptidoglycan branched peptide synthesis protein, alanine adding enzyme","Peptidoglycan biosynthesis, Metabolic pathways"
"221","SPy_0616","murM","(GenBank) putative peptidoglycan branched peptide synthesis protein, serine/alanine adding enzyme","Peptidoglycan biosynthesis, Metabolic pathways"
"222","SPy_0629","agaD","(GenBank) putative PTS dependent galactosamine IID component","Galactose metabolism, Metabolic pathways, Phosphotransferase system (PTS)"
"223","SPy_0630","agaW","(GenBank) putative PTS dependent N-acetyl-galactosamine-IIC component","Galactose metabolism, Metabolic pathways, Phosphotransferase system (PTS)"
"224","SPy_0631","agaV","(GenBank) putative PTS dependent N-acetyl-galactosamine-IIB component","Galactose metabolism, Metabolic pathways, Phosphotransferase system (PTS)"
"225","SPy_0634","agaF","(GenBank) putative PTS dependent N-acetyl-galactosamine- and galactosamine IIA component","Galactose metabolism, Metabolic pathways, Phosphotransferase system (PTS)"
"226","SPy_0638","kdgK","(GenBank) putative 2-keto-3-deoxygluconate kinase","Pentose phosphate pathway, Metabolic pathways, Microbial metabolism in diverse environments, Carbon metabolism"
"227","SPy_0639","kgdA","(GenBank) putative 2-dehydro-3-deoxyphosphogluconate aldolase/4-hydroxy-2-oxoglutarate aldolase","Pentose phosphate pathway, Glyoxylate and dicarboxylate metabolism, Metabolic pathways, Microbial metabolism in diverse environments, Carbon metabolism"
"228","SPy_0644","ftsE","(GenBank) putative cell-division ATP-binding protein","ABC transporters"
"229","SPy_0645","ftsX","(GenBank) putative cell-division protein","ABC transporters"
"230","SPy_0646","","(GenBank) conserved hypothetical protein","Pyruvate metabolism, Metabolic pathways"
"231","SPy_0650","aspC","(GenBank) putative aspartate aminotransferase","Alanine, aspartate and glutamate metabolism, Metabolic pathways"
"232","SPy_0651","asnS","(GenBank) putative asparaginyl-tRNA synthetase","Aminoacyl-tRNA biosynthesis"
"233","SPy_0701","hylP1","(GenBank) hyaluronidase, phage associated","Metabolic pathways"
"234","SPy_0714","adcA","(GenBank) putative adhesion protein","ABC transporters"
"235","SPy_0716","agaS","(GenBank) putative tagatose-6-phosphate aldose/ketose isomerase","Galactose metabolism, Metabolic pathways"
"236","SPy_0717","rpmE","(GenBank) 50S ribosomal protein L31","Ribosome"
"237","SPy_0720","","(GenBank) conserved hypothetical protein","Sulfur metabolism, Metabolic pathways, Microbial metabolism in diverse environments"
"238","SPy_0722","","(GenBank) conserved hypothetical protein","Phenylalanine, tyrosine and tryptophan biosynthesis, Metabolic pathways, Biosynthesis of secondary metabolites, Biosynthesis of amino acids"
"239","SPy_0724","rplS","(GenBank) 50S ribosomal protein L19","Ribosome"
"240","SPy_t38","","(GenBank) tRNA-Arg","Aminoacyl-tRNA biosynthesis"
"241","SPy_0731","eno","(GenBank) putative enolase","Glycolysis / Gluconeogenesis, Methane metabolism, Metabolic pathways, Biosynthesis of secondary metabolites, Microbial metabolism in diverse environments, Carbon metabolism, Biosynthesis of amino acids, RNA degradation"
"242","SPy_0751","lig","(GenBank) putative DNA ligase","DNA replication, Base excision repair, Nucleotide excision repair, Mismatch repair"
"243","SPy_0752","","(GenBank) conserved hypothetical protein","Glycerolipid metabolism, Glycerophospholipid metabolism, Metabolic pathways, Biosynthesis of secondary metabolites"
"244","SPy_0754","atpE","(GenBank) H+-transporting ATP synthase chain C","Oxidative phosphorylation, Metabolic pathways"
"245","SPy_0755","atpB","(GenBank) putative proton-translocating ATPase a subunit","Oxidative phosphorylation, Metabolic pathways"
"246","SPy_0756","atpF","(GenBank) putative proton-translocating ATPase, subunit b","Oxidative phosphorylation, Metabolic pathways"
"247","SPy_0757","atpH","(GenBank) putative proton-translocating ATPase, delta subunit","Oxidative phosphorylation, Metabolic pathways"
"248","SPy_0758","atpA","(GenBank) putative proton-translocating ATPase, alpha subunit","Oxidative phosphorylation, Metabolic pathways"
"249","SPy_0759","atpG","(GenBank) putative proton-translocating ATPase, gamma subunit","Oxidative phosphorylation, Metabolic pathways"
"250","SPy_0760","atpD","(GenBank) putative proton-translocating ATPase, beta subunit","Oxidative phosphorylation, Metabolic pathways"
"251","SPy_0761","atpC","(GenBank) putative proton-translocating ATPase, epsiron subunit","Oxidative phosphorylation, Metabolic pathways"
"252","SPy_0763","","(GenBank) putative UDP-N-acetylglucosamine 1-carboxyvinyltransferase","Amino sugar and nucleotide sugar metabolism, Peptidoglycan biosynthesis, Metabolic pathways, Biosynthesis of nucleotide sugars"
"253","SPy_0768","pheS","(GenBank) putative phenylalanyl-tRNA synthetase (alpha subunit)","Aminoacyl-tRNA biosynthesis"
"254","SPy_0769","pheT","(GenBank) phenylalanyl-tRNA synthetase (beta subunit)","Aminoacyl-tRNA biosynthesis"
"255","SPy_0778","","(GenBank) putative ABC transporter (substrate-binding protein)","ABC transporters"
"256","SPy_0779","rpsU","(GenBank) 30S ribosomal protein S21","Ribosome"
"257","SPy_0781","dnaG","(GenBank) putative DNA primase","DNA replication"
"258","SPy_0782","rpoD","(GenBank) putative RNA polymerase sigma 42 protein","Flagellar assembly"
"259","SPy_0784","rmlD","(GenBank) putative dTDP-4-keto-L-rhamnose reductase","Streptomycin biosynthesis, Polyketide sugar unit biosynthesis, O-Antigen nucleotide sugar biosynthesis, Metabolic pathways, Biosynthesis of secondary metabolites, Biosynthesis of nucleotide sugars"
"260","SPy_0803","cmk","(GenBank) putative cytidylate kinase","Pyrimidine metabolism, Metabolic pathways, Nucleotide metabolism"
"261","SPy_0805","rpmI","(GenBank) 50S ribosomal protein L35","Ribosome"
"262","SPy_0806","rplT","(GenBank) 50S ribosomal protein L20","Ribosome"
"263","SPy_0807","","(GenBank) conserved hypothetical protein","Teichoic acid biosynthesis, Glycerolipid metabolism, Metabolic pathways"
"264","SPy_0809","aroD","(GenBank) putative 3-dehydroquinate dehydratase","Phenylalanine, tyrosine and tryptophan biosynthesis, Metabolic pathways, Biosynthesis of secondary metabolites, Biosynthesis of amino acids"
"265","SPy_0810","aroF","(GenBank) putative chorismate synthase","Phenylalanine, tyrosine and tryptophan biosynthesis, Metabolic pathways, Biosynthesis of secondary metabolites, Biosynthesis of amino acids"
"266","SPy_0813","gor","(GenBank) putative glutathione reductase (GR)","Glutathione metabolism, Metabolic pathways"
"267","SPy_0814","folC.2","(GenBank) putative folyl-polyglutamate synthetase","Folate biosynthesis, Metabolic pathways, Biosynthesis of cofactors"
"268","SPy_0816","","(GenBank) putative iron-sulfur cofactor synthesis protein","Thiamine metabolism, Metabolic pathways, Biosynthesis of cofactors, Sulfur relay system"
"269","SPy_0817","thiI","(GenBank) putative thiamine biosynthesis protein","Thiamine metabolism, Metabolic pathways, Biosynthesis of cofactors, Sulfur relay system"
"270","SPy_0819","rplU","(GenBank) 50S ribosomal protein L21","Ribosome"
"271","SPy_0822","rpmA","(GenBank) 50S ribosomal protein L27","Ribosome"
"272","SPy_0826","lsp","(GenBank) putative prolipoprotein signal peptidase","Protein export"
"273","SPy_0830","pyrR","(GenBank) putative pyrimidine regulatory protein","Pyrimidine metabolism, Metabolic pathways, Nucleotide metabolism"
"274","SPy_0832","pyrB","(GenBank) putative aspartate transcarbamoylase","Pyrimidine metabolism, Alanine, aspartate and glutamate metabolism, Metabolic pathways, Biosynthesis of cofactors"
"275","SPy_0833","carA","(GenBank) putative carbamoyl phosphate synthetase small subunit","Pyrimidine metabolism, Alanine, aspartate and glutamate metabolism, Metabolic pathways, Biosynthesis of cofactors"
"276","SPy_0835","carB","(GenBank) putative carbamoylphosphate synthetase","Pyrimidine metabolism, Alanine, aspartate and glutamate metabolism, Metabolic pathways, Biosynthesis of cofactors"
"277","SPy_0839","","(GenBank) putative glycerophosphodiester phosphodiesterase","Glycerophospholipid metabolism"
"278","SPy_0840","rpsP","(GenBank) 30S ribosomal protein S16","Ribosome"
"279","SPy_0852","apbA","(GenBank) putative 2-dehydropantoate 2-reductase","Pantothenate and CoA biosynthesis, Metabolic pathways, Biosynthesis of secondary metabolites, Biosynthesis of cofactors"
"280","SPy_0854","fruB","(GenBank) putative fructose-1-phosphate kinase","Fructose and mannose metabolism, Metabolic pathways, Phosphotransferase system (PTS)"
"281","SPy_0855","","(GenBank) putative fructose-specific enzyme II, PTS system BC component","Fructose and mannose metabolism, Metabolic pathways, Microbial metabolism in diverse environments, Phosphotransferase system (PTS)"
"282","SPy_0872","","(GenBank) putative secreted 5'-nucleotidase","Purine metabolism, Pyrimidine metabolism, Nicotinate and nicotinamide metabolism, Metabolic pathways, Biosynthesis of secondary metabolites, Nucleotide metabolism"
"283","SPy_0876","mvaK1","(GenBank) mevalonate kinase","Terpenoid backbone biosynthesis, Metabolic pathways, Biosynthesis of secondary metabolites"
"284","SPy_0877","mvaD","(GenBank) mevalonate pyrophosphate decarboxylase","Terpenoid backbone biosynthesis, Metabolic pathways, Biosynthesis of secondary metabolites"
"285","SPy_0878","mvaK2","(GenBank) phosphomevalonate kinase","Terpenoid backbone biosynthesis, Metabolic pathways, Biosynthesis of secondary metabolites"
"286","SPy_0879","","(GenBank) conserved hypothetical protein","Terpenoid backbone biosynthesis, Metabolic pathways, Biosynthesis of secondary metabolites"
"287","SPy_0880","mvaS.1","(GenBank) putative 3-hydroxy-3-methylglutaryl-coenzyme A","Terpenoid backbone biosynthesis, Biosynthesis of secondary metabolites"
"288","SPy_0881","mvaS.2","(GenBank) putative 3-hydroxy-3-methylglutaryl-coenzyme A synthase (HMG-CoA synthase)","Valine, leucine and isoleucine degradation, Butanoate metabolism, Terpenoid backbone biosynthesis, Metabolic pathways, Biosynthesis of secondary metabolites"
"289","SPy_0882","thyA","(GenBank) putative thymidylate synthase","Pyrimidine metabolism, One carbon pool by folate, Metabolic pathways, Nucleotide metabolism"
"290","SPy_0883","dyr","(GenBank) putative dihydrofolate reductase","One carbon pool by folate, Folate biosynthesis, Metabolic pathways, Biosynthesis of cofactors"
"291","SPy_0889","rpiA","(GenBank) putative ribose 5-phosphate isomerase","Pentose phosphate pathway, Metabolic pathways, Biosynthesis of secondary metabolites, Microbial metabolism in diverse environments, Carbon metabolism, Biosynthesis of amino acids"
"292","SPy_0890","deoB","(GenBank) putative phosphopentomutase","Pentose phosphate pathway, Purine metabolism, Metabolic pathways"
"293","SPy_0892","punA","(GenBank) putative purine nucleoside phosphorylase","Purine metabolism, Nicotinate and nicotinamide metabolism, Metabolic pathways, Biosynthesis of secondary metabolites, Nucleotide metabolism"
"294","SPy_0894","deoD2","(GenBank) putative purine nucleoside phosphorylase","Purine metabolism, Nicotinate and nicotinamide metabolism, Metabolic pathways, Biosynthesis of secondary metabolites, Nucleotide metabolism"
"295","SPy_0900","pyrF","(GenBank) putative orotidine-5'-decarboxylase PyrF","Pyrimidine metabolism, Metabolic pathways, Biosynthesis of cofactors"
"296","SPy_0901","pyrE","(GenBank) putative orotate phosphoribosyltransferase","Pyrimidine metabolism, Metabolic pathways, Biosynthesis of cofactors"
"297","SPy_0902","amiC","(GenBank) putative amidase","Arginine and proline metabolism, Tryptophan metabolism, Aminobenzoate degradation, Styrene degradation, Metabolic pathways, Microbial metabolism in diverse environments"
"298","SPy_0903","","(GenBank) putative ABC transporter (binding protein)","ABC transporters, Flagellar assembly"
"299","SPy_0904","","(GenBank) putative ABC transporter (permease)","ABC transporters"
"300","SPy_0905","ung","(GenBank) putative uracil DNA glycosylase","Base excision repair"
"301","SPy_0907","pyrC","(GenBank) putative dihydroorotase","Pyrimidine metabolism, Metabolic pathways, Biosynthesis of cofactors"
"302","SPy_0908","","(GenBank) conserved hypothetical protein","Glycerolipid metabolism, Glycerophospholipid metabolism, Metabolic pathways, Biosynthesis of secondary metabolites"
"303","SPy_0911","bcaT","(GenBank) putative branched-chain-amino-acid aminotransferase","Cysteine and methionine metabolism, Valine, leucine and isoleucine degradation, Valine, leucine and isoleucine biosynthesis, Pantothenate and CoA biosynthesis, Metabolic pathways, Biosynthesis of secondary metabolites, 2-Oxocarboxylic acid metabolism, Biosynthesis of amino acids, Biosynthesis of cofactors"
"304","SPy_t39","","(GenBank) tRNA-Tyr","Aminoacyl-tRNA biosynthesis"
"305","SPy_t40","","(GenBank) tRNA-Gln","Aminoacyl-tRNA biosynthesis"
"306","SPy_0913","","(GenBank) putative ribosomal protein S1-like DNA-binding protein","Ribosome"
"307","SPy_t41","","(GenBank) tRNA-Arg","Aminoacyl-tRNA biosynthesis"
"308","SPy_0917","","(GenBank) hypothetical protein","Glutathione metabolism, Metabolic pathways"
"309","SPy_0921","miaA","(GenBank) putative tRNA isopentenylpyrophosphate transferase","Metabolic pathways, Biosynthesis of secondary metabolites"
"310","SPy_0926","recJ","(GenBank) putative single-strand DNA-specific exonuclease","Base excision repair, Mismatch repair, Homologous recombination"
"311","SPy_0927","apt","(GenBank) putative adenine phosphoribosyltransferase","Purine metabolism, Metabolic pathways, Nucleotide metabolism"
"312","SPy_0929","nth","(GenBank) putative endonuclease III (DNA repair)","Base excision repair"
"313","SPy_0933","cpsFO","(GenBank) glucose-1-phosphate thymidyl transferase","Streptomycin biosynthesis, Polyketide sugar unit biosynthesis, Acarbose and validamycin biosynthesis, O-Antigen nucleotide sugar biosynthesis, Metabolic pathways, Biosynthesis of secondary metabolites, Biosynthesis of nucleotide sugars"
"314","SPy_0935","cpsFP","(GenBank) putative dTDP-4-keto-6-deoxyglucose-3,5-epimerase","Streptomycin biosynthesis, Polyketide sugar unit biosynthesis, O-Antigen nucleotide sugar biosynthesis, Metabolic pathways, Biosynthesis of secondary metabolites, Biosynthesis of nucleotide sugars"
"315","SPy_0936","cpsFQ","(GenBank) putative dTDP-glucose-4,6-dehydratase","Streptomycin biosynthesis, Polyketide sugar unit biosynthesis, Acarbose and validamycin biosynthesis, O-Antigen nucleotide sugar biosynthesis, Metabolic pathways, Biosynthesis of secondary metabolites, Biosynthesis of nucleotide sugars"
"316","SPy_1020","","(GenBank) conserved hypothetical protein","RNA degradation"
"317","SPy_1026","acoA","(GenBank) putative acetoin dehydrogenase (TPP-dependent) alpha chain","Glycolysis / Gluconeogenesis, Citrate cycle (TCA cycle), Pyruvate metabolism, Metabolic pathways, Biosynthesis of secondary metabolites, Microbial metabolism in diverse environments, Carbon metabolism"
"318","SPy_1028","acoB","(GenBank) putative acetoin dehydrogenase (TPP-dependent) beta chain","Glycolysis / Gluconeogenesis, Citrate cycle (TCA cycle), Pyruvate metabolism, Metabolic pathways, Biosynthesis of secondary metabolites, Microbial metabolism in diverse environments, Carbon metabolism"
"319","SPy_1029","acoC","(GenBank) putative dihydrolipoamide S-acetyltransferase","Glycolysis / Gluconeogenesis, Citrate cycle (TCA cycle), Pyruvate metabolism, Metabolic pathways, Biosynthesis of secondary metabolites, Microbial metabolism in diverse environments, Carbon metabolism"
"320","SPy_1031","acoL","(GenBank) putative dihydrolipoamide dehydrogenase, component E3","Glycolysis / Gluconeogenesis, Citrate cycle (TCA cycle), Glycine, serine and threonine metabolism, Valine, leucine and isoleucine degradation, Lysine degradation, Tryptophan metabolism, Pyruvate metabolism, Glyoxylate and dicarboxylate metabolism, Propanoate metabolism, Metabolic pathways, Biosynthesis of secondary metabolites, Microbial metabolism in diverse environments, Carbon metabolism, Biosynthesis of cofactors"
"321","SPy_1033","","(GenBank) putative lipoate-protein ligase","Lipoic acid metabolism, Metabolic pathways, Biosynthesis of cofactors"
"322","SPy_1034","","(GenBank) hypothetical protein","Peptidoglycan biosynthesis, Metabolic pathways"
"323","SPy_1035","","(GenBank) putative UDP-N-acetylmuramyl tripeptide synthetase","Peptidoglycan biosynthesis, Metabolic pathways"
"324","SPy_1038","","(GenBank) putative phospho-sugar mutase","Amino sugar and nucleotide sugar metabolism, Metabolic pathways, Biosynthesis of nucleotide sugars"
"325","SPy_1057","","(GenBank) hypothetical protein","Fructose and mannose metabolism, Amino sugar and nucleotide sugar metabolism, Metabolic pathways, Phosphotransferase system (PTS)"
"326","SPy_1059","","(GenBank) putative phospotransferase system (PTS), enzyme II, component C","Fructose and mannose metabolism, Amino sugar and nucleotide sugar metabolism, Metabolic pathways, Phosphotransferase system (PTS)"
"327","SPy_1060","","(GenBank) putative phospotransferase system (PTS), enzyme II component D","Fructose and mannose metabolism, Amino sugar and nucleotide sugar metabolism, Metabolic pathways, Phosphotransferase system (PTS)"
"328","SPy_1062","","(GenBank) putative two-component response regulator","Two-component system"
"329","SPy_1063","","(GenBank) putative periplasmic-iron-binding protein","ABC transporters"
"330","SPy_1066","","(GenBank) conserved hypothetical protein","Pyrimidine metabolism, Metabolic pathways, Nucleotide metabolism"
"331","SPy_1067","gabD","(GenBank) putative succinic semialdehyde dehydrogenase","Alanine, aspartate and glutamate metabolism, Lysine degradation, Tyrosine metabolism, Butanoate metabolism, Nicotinate and nicotinamide metabolism, Metabolic pathways, Microbial metabolism in diverse environments"
"332","SPy_1068","uvrC","(GenBank) excinuclease ABC (subunit C)","Nucleotide excision repair"
"333","SPy_1072","rplJ","(GenBank) 50S ribosomal protein L10","Ribosome"
"334","SPy_1073","rplL","(GenBank) 50S ribosomal protein L7/L12","Ribosome"
"335","SPy_1077","","(GenBank) putative methyl transferase","Cysteine and methionine metabolism, Metabolic pathways"
"336","SPy_1081","srtR","(GenBank) putative DNA binding regulatory protein - lantibiotic associated","Two-component system, Quorum sensing"
"337","SPy_1082","srtK","(GenBank) putative histidine kinase - lantibiotic associated","Two-component system, Quorum sensing"
"338","SPy_1085","srtF","(GenBank) ABC transporter (ATP-binding) - lantibiotic associated","ABC transporters, Two-component system, Quorum sensing"
"339","SPy_1086","srtE","(GenBank) conserved hypothetical protein - lantibiotic associated","ABC transporters, Two-component system, Quorum sensing"
"340","SPy_1087","srtG","(GenBank) conserved hypothetical protein - lantibiotics associated","ABC transporters, Two-component system, Quorum sensing"
"341","SPy_1093","","(GenBank) putative D,D-carboxypeptidase, penicillin-binding protein","Peptidoglycan biosynthesis, Metabolic pathways"
"342","SPy_1096","folC.1","(GenBank) putative folyl-polyglutamate synthetase","Folate biosynthesis, Metabolic pathways, Biosynthesis of cofactors"
"343","SPy_1097","folE","(GenBank) GTP cyclohydrolase","Folate biosynthesis, Metabolic pathways, Biosynthesis of cofactors"
"344","SPy_1098","folP","(GenBank) dihydropteroate synthase","Folate biosynthesis, Metabolic pathways, Biosynthesis of cofactors"
"345","SPy_1099","folQ","(GenBank) dihydroneopterin aldolase","Folate biosynthesis, Metabolic pathways, Biosynthesis of cofactors"
"346","SPy_1100","folK","(GenBank) hydroxymethylpterin pyrophosphokinase","Folate biosynthesis, Metabolic pathways, Biosynthesis of cofactors"
"347","SPy_1101","murB","(GenBank) putative UDP-N-acetylenolpyruvoylglucosamine reductase","Amino sugar and nucleotide sugar metabolism, Peptidoglycan biosynthesis, Metabolic pathways, Biosynthesis of nucleotide sugars"
"348","SPy_1102","potA","(GenBank) putative spermidine / putrescine ABC transporter (ATP-binding protein)","ABC transporters"
"349","SPy_1103","potB","(GenBank) putative spermidine / putrescine ABC transporter (permease protein)","ABC transporters"
"350","SPy_1104","potC","(GenBank) putative spermidine/putrescine ABC transporter (permease protein)","ABC transporters"
"351","SPy_1105","potD","(GenBank) putative spermidine/putrescine ABC transporter (periplasmic transport protein)","ABC transporters"
"352","SPy_1109","malP","(GenBank) putative L-malate permease","Two-component system"
"353","SPy_1110","","(GenBank) putative malic enzyme ((S)-malate:NAD+ oxidoreductase (decarboxylating))","Pyruvate metabolism, Carbon metabolism, Two-component system"
"354","SPy_1111","","(GenBank) putative zinc-containing alcohol dehydrogenase","Butanoate metabolism, Metabolic pathways"
"355","SPy_1113","","(GenBank) putative acid phosphatase (class B)","Riboflavin metabolism, Metabolic pathways"
"356","SPy_1122","","(GenBank) putative iron-sulfur cofactor synthesis protein","Thiamine metabolism, Metabolic pathways, Biosynthesis of cofactors, Sulfur relay system"
"357","SPy_1123","prs","(GenBank) putative phosphoribosyl pyrophosphate synthetase","Pentose phosphate pathway, Purine metabolism, Metabolic pathways, Biosynthesis of secondary metabolites, Microbial metabolism in diverse environments, Carbon metabolism, Biosynthesis of amino acids"
"358","SPy_1125","","(GenBank) putative GTP pyrophosphokinase","Purine metabolism, Metabolic pathways"
"359","SPy_1126","","(GenBank) conserved hypothetical protein","Nicotinate and nicotinamide metabolism, Metabolic pathways, Biosynthesis of cofactors"
"360","SPy_1128","pta","(GenBank) putative phosphotransacetylase","Taurine and hypotaurine metabolism, Pyruvate metabolism, Propanoate metabolism, Methane metabolism, Metabolic pathways, Microbial metabolism in diverse environments, Carbon metabolism"
"361","SPy_1133","","(GenBank) putative ABC transporter (ATP-binding protein)","ABC transporters"
"362","SPy_1134","","(GenBank) putative ABC transporter (binding protein)","ABC transporters"
"363","SPy_1135","","(GenBank) putative GMP reductase","Purine metabolism, Metabolic pathways, Nucleotide metabolism"
"364","SPy_1136","xpt","(GenBank) putative xanthine phosphoribosyltransferase","Purine metabolism, Metabolic pathways, Biosynthesis of secondary metabolites, Nucleotide metabolism"
"365","SPy_1139","","(GenBank) putative 4-oxalocrotonate tautomerase","Benzoate degradation, Xylene degradation, Metabolic pathways, Microbial metabolism in diverse environments, Degradation of aromatic compounds"
"366","SPy_1140","tdk2","(GenBank) putative thymidine kinase","Pyrimidine metabolism, Metabolic pathways, Nucleotide metabolism"
"367","SPy_1145","glyA","(GenBank) putative serine hydroxymethyltransferase","Glycine, serine and threonine metabolism, Cyanoamino acid metabolism, Glyoxylate and dicarboxylate metabolism, One carbon pool by folate, Methane metabolism, Metabolic pathways, Biosynthesis of secondary metabolites, Microbial metabolism in diverse environments, Carbon metabolism, Biosynthesis of amino acids, Biosynthesis of cofactors"
"368","SPy_1148","","(GenBank) putative ABC transporter (ATP-binding protein)","ABC transporters"
"369","SPy_1149","","(GenBank) putative ABC transporter (ATP-binding protein)","ABC transporters"
"370","SPy_1151","ldh","(GenBank) putative L-lactate dehydrogenase","Glycolysis / Gluconeogenesis, Cysteine and methionine metabolism, Pyruvate metabolism, Propanoate metabolism, Metabolic pathways, Biosynthesis of secondary metabolites, Microbial metabolism in diverse environments"
"371","SPy_1162","rnh","(GenBank) putative ribonuclease HII","DNA replication"
"372","SPy_1170","ddh","(GenBank) putative D-specific D-2-hydroxyacid dehydrogenase","Pyruvate metabolism, Metabolic pathways, Microbial metabolism in diverse environments"
"373","SPy_1174","","(GenBank) putative transcarboxylase subunit","Pyruvate metabolism, Metabolic pathways"
"374","SPy_1175","","(GenBank) hypothetical protein","Pyruvate metabolism, Metabolic pathways"
"375","SPy_1176","","(GenBank) putative methylmalonyl-CoA decarboxylase, gamma-subunit","Benzoate degradation, Butanoate metabolism, Microbial metabolism in diverse environments"
"376","SPy_1177","","(GenBank) putative methylmalonyl-CoA decarboxylase, beta-subunit","Benzoate degradation, Pyruvate metabolism, Butanoate metabolism, Metabolic pathways, Microbial metabolism in diverse environments"
"377","SPy_1178","citG","(GenBank) CitG-like protein","Two-component system"
"378","SPy_1183","","(GenBank) putative decarboxylase, gamma chain","Benzoate degradation, Butanoate metabolism, Microbial metabolism in diverse environments"
"379","SPy_1184","","(GenBank) putative decarboxylase, beta subunit","Benzoate degradation, Pyruvate metabolism, Butanoate metabolism, Metabolic pathways, Microbial metabolism in diverse environments"
"380","SPy_1186","citD","(GenBank) putative citrate lyase, gamma subunit","Two-component system"
"381","SPy_1188","citE","(GenBank) putative citrate lyase, beta subunit","Two-component system"
"382","SPy_1189","citF","(GenBank) putative citrate lyase, alpha subunit","Two-component system"
"383","SPy_1190","citX","(GenBank) conserved hypothetical protein","Two-component system"
"384","SPy_1191","oadA","(GenBank) putative oxaloacetate decarboxylase alpha chain","Pyruvate metabolism, Metabolic pathways"
"385","SPy_1192","citC","(GenBank) putative citrate lyase synthetase (citrate (pro-3S)-lyase ligase)","Two-component system"
"386","SPy_1200","ffh","(GenBank) putative signal recognition particle","Quorum sensing, Protein export, Bacterial secretion system"
"387","SPy_1204","guaA","(GenBank) putative GMP synthase","Purine metabolism, Metabolic pathways, Nucleotide metabolism"
"388","SPy_1205","","(GenBank) putative antimicrobial resistance factor","Peptidoglycan biosynthesis, Metabolic pathways"
"389","SPy_1209","pdxK","(GenBank) putative pyridoxal kinase","Vitamin B6 metabolism, Metabolic pathways, Biosynthesis of cofactors"
"390","SPy_1212","","(GenBank) putative cardiolipin synthetase","Glycerophospholipid metabolism, Metabolic pathways"
"391","SPy_1213","fhs.1","(GenBank) putative formate-tetrahydrofolate ligase","One carbon pool by folate, Metabolic pathways, Microbial metabolism in diverse environments, Carbon metabolism, Biosynthesis of cofactors"
"392","SPy_1214","lplA","(GenBank) putative lipoate-protein ligase","Lipoic acid metabolism, Metabolic pathways, Biosynthesis of cofactors"
"393","SPy_1221","dpfB","(GenBank) putative flavoprotein","Pantothenate and CoA biosynthesis, Biosynthesis of cofactors"
"394","SPy_1222","dfp","(GenBank) putative DNA/pantothenate metabolism flavoprotein","Pantothenate and CoA biosynthesis, Metabolic pathways, Biosynthesis of cofactors"
"395","SPy_1224","pgmA","(GenBank) putative phosphoglucomutase","Glycolysis / Gluconeogenesis, Pentose phosphate pathway, Galactose metabolism, Purine metabolism, Starch and sucrose metabolism, Amino sugar and nucleotide sugar metabolism, Streptomycin biosynthesis, Metabolic pathways, Biosynthesis of secondary metabolites, Microbial metabolism in diverse environments, Biosynthesis of nucleotide sugars"
"396","SPy_1225","","(GenBank) putative sugar ABC transporter (permease protein)","ABC transporters"
"397","SPy_1226","","(GenBank) putative sugar ABC transporter (permease protein)","ABC transporters"
"398","SPy_1227","","(GenBank) putative sugar ABC transporter (ATP-binding protein)","ABC transporters"
"399","SPy_1228","","(GenBank) putative lipoprotein","ABC transporters"
"400","SPy_1230","cdd","(GenBank) putative cytidine deaminase","Pyrimidine metabolism, Metabolic pathways, Nucleotide metabolism"
"401","SPy_1233","coaA","(GenBank) putative pantothenate kinase","Pantothenate and CoA biosynthesis, Metabolic pathways, Biosynthesis of cofactors"
"402","SPy_1234","rpsT","(GenBank) 30S ribosomal protein S20","Ribosome"
"403","SPy_1236","","(GenBank) putative histidine kinase protein","Two-component system, Quorum sensing"
"404","SPy_1237","","(GenBank) putative response regulator","Two-component system, Quorum sensing"
"405","SPy_1239","pepN","(GenBank) putative lysyl-aminopeptidase; aminopeptidase N","Glutathione metabolism, Metabolic pathways"
"406","SPy_1241","pstB","(GenBank) phosphate ABC transporter (ATP-binding protein)","ABC transporters"
"407","SPy_1242","pstB2","(GenBank) putative phosphate ABC transporter (ATP-binding protein)","ABC transporters"
"408","SPy_1243","pstC","(GenBank) putative phosphate ABC transporter (permease protein)","ABC transporters"
"409","SPy_1244","pstC2","(GenBank) putative phosphate ABC transporter (permease protein)","ABC transporters"
"410","SPy_1245","pstS","(GenBank) putative phosphate ABC transporter, periplasmic phosphate-binding protein","ABC transporters, Two-component system"
"411","SPy_1247","","(GenBank) putative myo-inositol-1(or 4)-monophosphatase","Streptomycin biosynthesis, Inositol phosphate metabolism, Metabolic pathways, Biosynthesis of secondary metabolites"
"412","SPy_1250","mreA","(GenBank) putative macrolide-efflux protein","Riboflavin metabolism, Metabolic pathways, Biosynthesis of secondary metabolites, Biosynthesis of cofactors"
"413","SPy_1267","pcrA","(GenBank) putative ATP-dependent DNA helicase","Nucleotide excision repair, Mismatch repair"
"414","SPy_1280","glmS","(GenBank) putative L-glutamine-D-fructose-6-phosphate amidotransferase","Alanine, aspartate and glutamate metabolism, Amino sugar and nucleotide sugar metabolism, Metabolic pathways, Biosynthesis of nucleotide sugars"
"415","SPy_1281","sipC","(GenBank) putative signal peptidase I","Protein export"
"416","SPy_1282","pyk","(GenBank) putative pyruvate kinase","Glycolysis / Gluconeogenesis, Pyruvate metabolism, Metabolic pathways, Biosynthesis of secondary metabolites, Microbial metabolism in diverse environments, Carbon metabolism, Biosynthesis of amino acids"
"417","SPy_1283","pfk","(GenBank) putative 6-phosphofructokinase","Glycolysis / Gluconeogenesis, Pentose phosphate pathway, Fructose and mannose metabolism, Galactose metabolism, Methane metabolism, Metabolic pathways, Biosynthesis of secondary metabolites, Microbial metabolism in diverse environments, Carbon metabolism, Biosynthesis of amino acids, RNA degradation"
"418","SPy_1284","dnaE","(GenBank) putative DNA polymerase III (alpha subunit)","DNA replication, Mismatch repair, Homologous recombination"
"419","SPy_1291","glgP","(GenBank) putative glycogen phosphorylase","Starch and sucrose metabolism, Metabolic pathways, Biosynthesis of secondary metabolites"
"420","SPy_1292","malM","(GenBank) putative 4-alpha-glucanotransferase","Starch and sucrose metabolism, Metabolic pathways, Biosynthesis of secondary metabolites"
"421","SPy_1294","","(GenBank) putative maltose/maltodextrin-binding protein","ABC transporters"
"422","SPy_1295","malF","(GenBank) putative maltose/maltodextrin ABC transport system (permease)","ABC transporters"
"423","SPy_1296","malG","(GenBank) putative maltose/maltodextrin ABC transport system (permease)","ABC transporters"
"424","SPy_1299","malD","(GenBank) putative maltodextrin transport system permease","ABC transporters"
"425","SPy_1301","malC","(GenBank) maltodextrin transport system permease","ABC transporters"
"426","SPy_1302","amyA","(GenBank) putative cyclomaltodextrin glucanotransferase","Starch and sucrose metabolism, Metabolic pathways"
"427","SPy_1304","amyB","(GenBank) putative cyclomaltodextrinase","Starch and sucrose metabolism, Metabolic pathways, Biosynthesis of secondary metabolites"
"428","SPy_1306","malX","(GenBank) maltose/maltodextrin-binding protein","ABC transporters"
"429","SPy_1309","dltD","(GenBank) putative extramembranal protein","Teichoic acid biosynthesis, Cationic antimicrobial peptide (CAMP) resistance, Two-component system"
"430","SPy_1310","dltC","(GenBank) putative D-alanyl carrier protein","D-Amino acid metabolism, Teichoic acid biosynthesis, Metabolic pathways, Cationic antimicrobial peptide (CAMP) resistance, Two-component system"
"431","SPy_1311","dltB","(GenBank) putative integral membrane protein","Teichoic acid biosynthesis, Cationic antimicrobial peptide (CAMP) resistance, Two-component system"
"432","SPy_1312","dltA","(GenBank) putative D-alanine-D-alanyl carrier protein ligase","D-Amino acid metabolism, Teichoic acid biosynthesis, Metabolic pathways, Cationic antimicrobial peptide (CAMP) resistance, Two-component system"
"433","SPy_1314","uvrB","(GenBank) putative excinuclease ABC (subunit B)","Nucleotide excision repair"
"434","SPy_1315","","(GenBank) hypothetical protein","ABC transporters"
"435","SPy_1316","","(GenBank) putative ABC transporter (ATP-binding protein)","ABC transporters"
"436","SPy_1323","","(GenBank) putative PTS enzyme III","Starch and sucrose metabolism, Phosphotransferase system (PTS)"
"437","SPy_1324","","(GenBank) putative PTS system enzyme II","Starch and sucrose metabolism, Phosphotransferase system (PTS)"
"438","SPy_1328","bglA.2","(GenBank) putative beta-glucosidase","Glycolysis / Gluconeogenesis, Starch and sucrose metabolism"
"439","SPy_1350","psr","(GenBank) putative PBP 5 synthesis repressor","Teichoic acid biosynthesis"
"440","SPy_1351","aroK","(GenBank) putative shikimate kinase","Phenylalanine, tyrosine and tryptophan biosynthesis, Metabolic pathways, Biosynthesis of secondary metabolites, Biosynthesis of amino acids"
"441","SPy_1352","aroA","(GenBank) putative 3-phosphoshikimate 1-carboxyvinyltransferase","Phenylalanine, tyrosine and tryptophan biosynthesis, Metabolic pathways, Biosynthesis of secondary metabolites, Biosynthesis of amino acids"
"442","SPy_1358","murZ","(GenBank) putative UDP-N-acetylglucosamine 1-carboxyvinyltransferase","Amino sugar and nucleotide sugar metabolism, Peptidoglycan biosynthesis, Metabolic pathways, Biosynthesis of nucleotide sugars"
"443","SPy_1359","metK","(GenBank) S-adenosylmethionine synthetase","Cysteine and methionine metabolism, Biosynthesis of various plant secondary metabolites, Metabolic pathways, Biosynthesis of secondary metabolites, Biosynthesis of amino acids, Biosynthesis of cofactors"
"444","SPy_1362","birA","(GenBank) putative biotin operon repressor","Biotin metabolism, Metabolic pathways"
"445","SPy_1364","dnaX","(GenBank) DNA polymerase III subunits gamma / tau","DNA replication, Mismatch repair, Homologous recombination"
"446","SPy_1365","","(GenBank) conserved hypothetical protein","Cysteine and methionine metabolism, Metabolic pathways"
"447","SPy_1368","udk","(GenBank) putative uridine kinase","Pyrimidine metabolism, Metabolic pathways, Nucleotide metabolism"
"448","SPy_1371","gapN","(GenBank) putative NADP-dependent glyceraldehyde-3-phosphate dehydrogenase","Glycolysis / Gluconeogenesis, Pentose phosphate pathway, Metabolic pathways, Microbial metabolism in diverse environments, Carbon metabolism"
"449","SPy_1372","pstI","(GenBank) putative phosphoenolpyruvate:sugar phosphotransferase system enzyme I","Phosphotransferase system (PTS)"
"450","SPy_1373","ptsH","(GenBank) putative phosphotransferase system phosphohistidine-containing protein","Phosphotransferase system (PTS)"
"451","SPy_1375","nrdE.2","(GenBank) putative ribonucleotide reductase alpha-chain","Purine metabolism, Pyrimidine metabolism, Metabolic pathways, Nucleotide metabolism"
"452","SPy_1378","nrdF.2","(GenBank) ribonucleotide diphosphate reductase small subunit","Purine metabolism, Pyrimidine metabolism, Metabolic pathways, Nucleotide metabolism"
"453","SPy_1389","alaS","(GenBank) putative alanyl-tRNA synthetase","Aminoacyl-tRNA biosynthesis"
"454","SPy_1399","nagB","(GenBank) putative N-acetylglucosamine-6-phosphate isomerase","Amino sugar and nucleotide sugar metabolism, Metabolic pathways"
"455","SPy_1407","holA","(GenBank) DNA polymerase III delta subunit","DNA replication, Mismatch repair, Homologous recombination"
"456","SPy_1410","","(GenBank) putative 1-acylglycerol-3-phosphate O-acyltransferase","Glycerolipid metabolism, Glycerophospholipid metabolism, Metabolic pathways, Biosynthesis of secondary metabolites"
"457","SPy_1415","deaD","(GenBank) putative ATP-dependent RNA helicase","RNA degradation"
"458","SPy_1420","murF","(GenBank) putative D-Ala-D-Ala adding enzyme","Peptidoglycan biosynthesis, Metabolic pathways, Vancomycin resistance"
"459","SPy_1421","ddlA","(GenBank) putative D-ala,D-ala ligase","D-Amino acid metabolism, Peptidoglycan biosynthesis, Metabolic pathways, Vancomycin resistance"
"460","SPy_1422","recR","(GenBank) putative recombination protein","Homologous recombination"
"461","SPy_1429","gpmA","(GenBank) putative phosphoglycerate mutase","Glycolysis / Gluconeogenesis, Glycine, serine and threonine metabolism, Methane metabolism, Metabolic pathways, Biosynthesis of secondary metabolites, Microbial metabolism in diverse environments, Carbon metabolism, Biosynthesis of amino acids"
"462","SPy_1432","pyrD","(GenBank) putative dihydroorotate dehydrogenase","Pyrimidine metabolism, Metabolic pathways, Biosynthesis of cofactors"
"463","SPy_1498","fps","(GenBank) putative geranyltranstransferase (farnesyl diphosphate synthase)","Terpenoid backbone biosynthesis, Metabolic pathways, Biosynthesis of secondary metabolites"
"464","SPy_1499","xseB","(GenBank) exodeoxyribonuclease VII (small subunit)","Mismatch repair"
"465","SPy_1500","xseA","(GenBank) putative exodeoxyribonuclease VII (large subunit)","Mismatch repair"
"466","SPy_1502","folD","(GenBank) putative bifunctional methylenetetrahydrofolate dehydrogenase / methenyltetrahydrofolate cyclohydrolase","One carbon pool by folate, Metabolic pathways, Microbial metabolism in diverse environments, Carbon metabolism, Biosynthesis of cofactors"
"467","SPy_1503","","(GenBank) putative phosphomannomutase","Fructose and mannose metabolism, Amino sugar and nucleotide sugar metabolism, O-Antigen nucleotide sugar biosynthesis, Metabolic pathways, Biosynthesis of secondary metabolites, Biosynthesis of nucleotide sugars"
"468","SPy_1506","","(GenBank) putative amino acid ABC transporter (ATP-binding protein)","ABC transporters"
"469","SPy_1507","","(GenBank) putative amino acid ABC transporter (permease protein)","ABC transporters"
"470","SPy_1513","ileS","(GenBank) putative isoleucyl-tRNA synthetase","Aminoacyl-tRNA biosynthesis"
"471","SPy_1524","murG","(GenBank) putative undecaprenyl-PP-MurNAc-pentapeptide-UDPGlcNAc GlcNAc transferase","Peptidoglycan biosynthesis, Metabolic pathways, Vancomycin resistance"
"472","SPy_1525","murD","(GenBank) putative UDP-N-acetylmuramoylalanine-D-glutamate ligase","D-Amino acid metabolism, Peptidoglycan biosynthesis, Metabolic pathways"
"473","SPy_1529","glcK","(GenBank) glucose kinase","Glycolysis / Gluconeogenesis, Galactose metabolism, Starch and sucrose metabolism, Amino sugar and nucleotide sugar metabolism, Streptomycin biosynthesis, Metabolic pathways, Biosynthesis of secondary metabolites, Microbial metabolism in diverse environments, Carbon metabolism, Biosynthesis of nucleotide sugars"
"474","SPy_1537","kdtB","(GenBank) putative 3-deoxy-D-manno-octulosonic-acid transferase","Pantothenate and CoA biosynthesis, Metabolic pathways, Biosynthesis of cofactors"
"475","SPy_1539","asnA","(GenBank) putative asparagine synthetase A","Alanine, aspartate and glutamate metabolism, Cyanoamino acid metabolism, Metabolic pathways, Biosynthesis of secondary metabolites, Biosynthesis of amino acids"
"476","SPy_1541","arcC","(GenBank) putative carbamate kinase","Arginine biosynthesis, Purine metabolism, Nitrogen metabolism, Metabolic pathways, Microbial metabolism in diverse environments, Carbon metabolism"
"477","SPy_1544","arcB","(GenBank) putative ornithine transcarbamylase","Arginine biosynthesis, Metabolic pathways, Biosynthesis of secondary metabolites, Biosynthesis of amino acids"
"478","SPy_1547","sagP","(GenBank) streptococcal antitumor protein","Arginine biosynthesis, Metabolic pathways, Biosynthesis of secondary metabolites"
"479","SPy_1568","valS","(GenBank) putative valine-tRNA ligase","Aminoacyl-tRNA biosynthesis"
"480","SPy_t42","","(GenBank) tRNA-Thr","Aminoacyl-tRNA biosynthesis"
"481","SPy_1576","","(GenBank) putative chorismate mutase","Phenylalanine, tyrosine and tryptophan biosynthesis, Metabolic pathways, Biosynthesis of secondary metabolites, Biosynthesis of amino acids"
"482","SPy_1577","aroB","(GenBank) 3-dehydroquinate synthase","Phenylalanine, tyrosine and tryptophan biosynthesis, Metabolic pathways, Biosynthesis of secondary metabolites, Biosynthesis of amino acids"
"483","SPy_1584","aroE","(GenBank) putative shikimate 5-dehydrogenase","Phenylalanine, tyrosine and tryptophan biosynthesis, Biosynthesis of various plant secondary metabolites, Metabolic pathways, Biosynthesis of secondary metabolites, Biosynthesis of amino acids"
"484","SPy_1586","","(GenBank) putative beta-galactosidase","Galactose metabolism, Other glycan degradation, Metabolic pathways"
"485","SPy_1587","","(GenBank) putative two-component sensor response regulator","Two-component system"
"486","SPy_1592","","(GenBank) putative ABC transporter substrate binding lipoprotein","ABC transporters"
"487","SPy_1593","","(GenBank) putative sugar-binding transport protein","ABC transporters"
"488","SPy_1595","","(GenBank) putative sugar-binding transport protein","ABC transporters"
"489","SPy_1599","","(GenBank) putative beta-glucosidase","Cyanoamino acid metabolism, Starch and sucrose metabolism, Biosynthesis of various plant secondary metabolites, Metabolic pathways, Biosynthesis of secondary metabolites"
"490","SPy_1600","","(GenBank) putative hyaluronidase","Metabolic pathways"
"491","SPy_1604","","(GenBank) conserved hypothetical protein","Other glycan degradation"
"492","SPy_1605","","(GenBank) putative two-component responsible histidine kinase","Two-component system, Quorum sensing"
"493","SPy_t43","","(GenBank) tRNA-Glu","Aminoacyl-tRNA biosynthesis"
"494","SPy_t44","","(GenBank) tRNA-Ile","Aminoacyl-tRNA biosynthesis"
"495","SPy_t45","","(GenBank) tRNA-Thr","Aminoacyl-tRNA biosynthesis"
"496","SPy_t46","","(GenBank) tRNA-Leu","Aminoacyl-tRNA biosynthesis"
"497","SPy_t47","","(GenBank) tRNA-Lys","Aminoacyl-tRNA biosynthesis"
"498","SPy_t48","","(GenBank) tRNA-Asp","Aminoacyl-tRNA biosynthesis"
"499","SPy_t49","","(GenBank) tRNA-Val","Aminoacyl-tRNA biosynthesis"
"500","SPy_r09","","(GenBank) 23S ribosomal RNA","Ribosome"
"501","SPy_t50","","(GenBank) tRNA-Ala","Aminoacyl-tRNA biosynthesis"
"502","SPy_r10","","(GenBank) 16S ribosomal RNA","Ribosome"
"503","SPy_1618","cysM","(GenBank) putative O-acetylserine lyase","Cysteine and methionine metabolism, Sulfur metabolism, Metabolic pathways, Biosynthesis of secondary metabolites, Microbial metabolism in diverse environments, Carbon metabolism, Biosynthesis of amino acids"
"504","SPy_1621","","(GenBank) putative two-component response regulator","Two-component system"
"505","SPy_1622","","(GenBank) putative two-component sensor histidine kinase","Two-component system"
"506","SPy_1628","fmt","(GenBank) putative methionyl tRNA formyltransferase","One carbon pool by folate, Aminoacyl-tRNA biosynthesis, Metabolic pathways"
"507","SPy_1629","priA","(GenBank) putative primosomal replication factor Y","Homologous recombination"
"508","SPy_1630","","(GenBank) conserved hypothetical protein","RNA polymerase"
"509","SPy_1632","gmk","(GenBank) putative guanylate kinase","Purine metabolism, Metabolic pathways, Nucleotide metabolism"
"510","SPy_1633","","(GenBank) conserved hypothetical protein","RNA degradation"
"511","SPy_1637","atoB","(GenBank) putative acetyl-CoA:acetyltransferase","Fatty acid degradation, Valine, leucine and isoleucine degradation, Lysine degradation, Benzoate degradation, Tryptophan metabolism, Pyruvate metabolism, Glyoxylate and dicarboxylate metabolism, Butanoate metabolism, Terpenoid backbone biosynthesis, Metabolic pathways, Biosynthesis of secondary metabolites, Microbial metabolism in diverse environments, Carbon metabolism, Fatty acid metabolism, Two-component system"
"512","SPy_1638","atoD.1","(GenBank) putative Acetyl-CoA:acetoacetyl-CoA transferase A subunit","Lysine degradation, Aminobenzoate degradation, Butanoate metabolism, Metabolic pathways, Microbial metabolism in diverse environments, Two-component system"
"513","SPy_1639","atoA","(GenBank) putative Acetyl-CoA:acetoacetyl-CoA transferase b subunit","Lysine degradation, Aminobenzoate degradation, Butanoate metabolism, Metabolic pathways, Microbial metabolism in diverse environments, Two-component system"
"514","SPy_1640","","(GenBank) putative oxidoreductase","Butanoate metabolism, Metabolic pathways"
"515","SPy_1642","luxS","(GenBank) autoinducer-2 production protein","Cysteine and methionine metabolism, Metabolic pathways, Biosynthesis of amino acids, Quorum sensing"
"516","SPy_1649","pbp1A","(GenBank) putative penicillin-binding protein 1a","Peptidoglycan biosynthesis, Metabolic pathways, beta-Lactam resistance"
"517","SPy_1652","nadE","(GenBank) putative NAD+ synthase","Nicotinate and nicotinamide metabolism, Metabolic pathways, Biosynthesis of cofactors"
"518","SPy_1653","","(GenBank) putative nicotinate phosphoribosyltransferase","Nicotinate and nicotinamide metabolism, Metabolic pathways, Biosynthesis of cofactors"
"519","SPy_1657","","(GenBank) putative amino acid ABC transport system (ATP-binding protein)","ABC transporters"
"520","SPy_1658","","(GenBank) putative amino acid ABC transproter (permease protein)","ABC transporters"
"521","SPy_1662","mraY","(GenBank) putative undecaprenyl-phosphate-UDP-MurNAc-pentapeptide phospho-MurNAc-pentapeptide transferase","Peptidoglycan biosynthesis, Metabolic pathways, Vancomycin resistance"
"522","SPy_1664","pbpX","(GenBank) putative penicillin binding protein 2X","Peptidoglycan biosynthesis, Metabolic pathways, beta-Lactam resistance"
"523","SPy_1670","proA","(GenBank) putative gamma-glutamyl phosphate reductase","Arginine and proline metabolism, Carbapenem biosynthesis, Metabolic pathways, Biosynthesis of secondary metabolites, Biosynthesis of amino acids"
"524","SPy_1672","proB","(GenBank) putative gamma-glutamyl kinase","Arginine and proline metabolism, Carbapenem biosynthesis, Metabolic pathways, Biosynthesis of secondary metabolites, Biosynthesis of amino acids"
"525","SPy_1676","tkt","(GenBank) putative transketolase","Pentose phosphate pathway, Metabolic pathways, Biosynthesis of secondary metabolites, Microbial metabolism in diverse environments, Carbon metabolism, Biosynthesis of amino acids"
"526","SPy_1678","","(GenBank) putative transaldolase","Pentose phosphate pathway, Metabolic pathways, Biosynthesis of secondary metabolites, Microbial metabolism in diverse environments, Carbon metabolism, Biosynthesis of amino acids"
"527","SPy_1683","glpO","(GenBank) putative alpha-glycerophosphate oxidase","Glycerophospholipid metabolism, Biosynthesis of secondary metabolites"
"528","SPy_1684","glpK","(GenBank) putative glycerol kinase","Glycerolipid metabolism, Metabolic pathways"
"529","SPy_1688","glyS","(GenBank) putative glycyl-tRNA synthetase (beta subunit)","Aminoacyl-tRNA biosynthesis"
"530","SPy_1689","glyQ","(GenBank) putative glycyl-tRNA synthetase (alpha subunit)","Aminoacyl-tRNA biosynthesis"
"531","SPy_1694","nagA","(GenBank) putative N-acetylglucosamine-6-phosphate deacetylase","Amino sugar and nucleotide sugar metabolism, Metabolic pathways"
"532","SPy_1704","lacD.1","(GenBank) putative tagatose 1,6-diphosphate aldolase","Galactose metabolism, Metabolic pathways, Quorum sensing"
"533","SPy_1707","lacB.1","(GenBank) putative galactose-6-phosphate isomerase","Galactose metabolism, Metabolic pathways"
"534","SPy_1708","lacA.1","(GenBank) putative galactose-6-phosphate isomerase","Galactose metabolism, Metabolic pathways"
"535","SPy_1709","","(GenBank) putative PTS system, enzyme IIC component","Phosphotransferase system (PTS)"
"536","SPy_1710","","(GenBank) putative PTS system, enzyme IIB component","Phosphotransferase system (PTS)"
"537","SPy_1711","","(GenBank) putative PTS system, enzyme IIA component","Phosphotransferase system (PTS)"
"538","SPy_t51","","(GenBank) tRNA-Ser","Aminoacyl-tRNA biosynthesis"
"539","SPy_1733","","(GenBank) putative transcription regulator","Teichoic acid biosynthesis"
"540","SPy_1737","","(GenBank) conserved hypothetical protein","Riboflavin metabolism, Metabolic pathways, Biosynthesis of secondary metabolites, Biosynthesis of cofactors"
"541","SPy_1738","manL","(GenBank) mannose-specific phosphotransferase system component IIAB","Fructose and mannose metabolism, Amino sugar and nucleotide sugar metabolism, Metabolic pathways, Phosphotransferase system (PTS)"
"542","SPy_1739","manM","(GenBank) putative mannose-specific phosphotransferase system component IIC","Fructose and mannose metabolism, Amino sugar and nucleotide sugar metabolism, Metabolic pathways, Phosphotransferase system (PTS)"
"543","SPy_1740","manN","(GenBank) putative mannose-specific phosphotransferase system component IID","Fructose and mannose metabolism, Amino sugar and nucleotide sugar metabolism, Metabolic pathways, Phosphotransferase system (PTS)"
"544","SPy_1742","serS","(GenBank) putative seryl-tRNA synthetase","Aminoacyl-tRNA biosynthesis"
"545","SPy_1743","accA","(GenBank) putative acetyl-CoA carboxylase alpha subunit","Fatty acid biosynthesis, Pyruvate metabolism, Propanoate metabolism, Metabolic pathways, Biosynthesis of secondary metabolites, Microbial metabolism in diverse environments, Carbon metabolism, Fatty acid metabolism"
"546","SPy_1744","accD","(GenBank) putative acetyl-CoA carboxylase beta subunit","Fatty acid biosynthesis, Pyruvate metabolism, Propanoate metabolism, Metabolic pathways, Biosynthesis of secondary metabolites, Microbial metabolism in diverse environments, Carbon metabolism, Fatty acid metabolism"
"547","SPy_1745","accC","(GenBank) putative acetyl-CoA carboxylase biotin carboxylase subunit","Fatty acid biosynthesis, Pyruvate metabolism, Propanoate metabolism, Metabolic pathways, Biosynthesis of secondary metabolites, Microbial metabolism in diverse environments, Carbon metabolism, Fatty acid metabolism"
"548","SPy_1746","fabZ","(GenBank) putative beta-hydroxyacyl-ACP dehydratase","Fatty acid biosynthesis, Biotin metabolism, Metabolic pathways, Fatty acid metabolism, Biosynthesis of cofactors"
"549","SPy_1747","accB","(GenBank) putative biotoin carboxyl carrier protein","Fatty acid biosynthesis, Pyruvate metabolism, Propanoate metabolism, Metabolic pathways, Biosynthesis of secondary metabolites, Microbial metabolism in diverse environments, Carbon metabolism, Fatty acid metabolism"
"550","SPy_1748","fabF","(GenBank) putative beta-ketoacyl-ACP synthase II","Fatty acid biosynthesis, Biotin metabolism, Metabolic pathways, Fatty acid metabolism, Biosynthesis of cofactors"
"551","SPy_1749","fabG","(GenBank) putative beta-ketoacyl-ACP reductase","Fatty acid biosynthesis, Biotin metabolism, Metabolic pathways, Biosynthesis of secondary metabolites, Fatty acid metabolism, Biosynthesis of cofactors"
"552","SPy_1750","fabD","(GenBank) putative malonyl CoA-acyl carrier protein transacylase","Fatty acid biosynthesis, Metabolic pathways, Biosynthesis of secondary metabolites, Fatty acid metabolism"
"553","SPy_1751","fabK","(GenBank) putative trans-2-enoyl-ACP reductase II","Fatty acid biosynthesis, Metabolic pathways, Fatty acid metabolism"
"554","SPy_1753","acpP","(GenBank) putative acyl carrier protein","Metabolic pathways, Biosynthesis of secondary metabolites"
"555","SPy_1754","fabH","(GenBank) putative beta-ketoacyl-[ACP] synthase III","Fatty acid biosynthesis, Metabolic pathways, Fatty acid metabolism"
"556","SPy_1758","phaB","(GenBank) putative enoyl CoA hydratase","Fatty acid biosynthesis"
"557","SPy_1760","dnaK","(GenBank) heat shock protein 70","RNA degradation"
"558","SPy_1765","","(GenBank) putative D,D-carboxypeptidase","Peptidoglycan biosynthesis, Metabolic pathways, Vancomycin resistance, Two-component system"
"559","SPy_1770","gatB","(GenBank) putative Glu-tRNAGln amidotransferase subunit B","Aminoacyl-tRNA biosynthesis, Metabolic pathways"
"560","SPy_1771","gatA","(GenBank) putative Glutamyl-tRNA Gln amidotransferase subunit A","Aminoacyl-tRNA biosynthesis, Metabolic pathways"
"561","SPy_1772","gatC","(GenBank) putative Glu-tRNA Gln amidotransferase subunit C","Aminoacyl-tRNA biosynthesis, Metabolic pathways"
"562","SPy_1779","","(GenBank) putative aminotransferase","Arginine biosynthesis, Alanine, aspartate and glutamate metabolism, Valine, leucine and isoleucine biosynthesis, Metabolic pathways, Biosynthesis of secondary metabolites, 2-Oxocarboxylic acid metabolism, Biosynthesis of amino acids"
"563","SPy_1782","asnB","(GenBank) putative L-asparaginase","Alanine, aspartate and glutamate metabolism, Cyanoamino acid metabolism, Metabolic pathways, Biosynthesis of secondary metabolites"
"564","SPy_1785","recG","(GenBank) putative ATP-dependent DNA helicase","Homologous recombination"
"565","SPy_1788","","(GenBank) conserved hypothetical protein","ABC transporters"
"566","SPy_1802","alr","(GenBank) putative alanine racemase","D-Amino acid metabolism, Metabolic pathways, Vancomycin resistance"
"567","SPy_1804","acpS","(GenBank) putative holo-(acyl carrier protein) synthase","Pantothenate and CoA biosynthesis, Metabolic pathways"
"568","SPy_1805","secA","(GenBank) putative preprotein translocase binding subunit (ATPase)","Quorum sensing, Protein export, Bacterial secretion system"
"569","SPy_1810","pmi","(GenBank) putative mannose-6-phosphate isomerase","Fructose and mannose metabolism, Amino sugar and nucleotide sugar metabolism, O-Antigen nucleotide sugar biosynthesis, Metabolic pathways, Biosynthesis of secondary metabolites, Biosynthesis of cofactors, Biosynthesis of nucleotide sugars"
"570","SPy_1811","scrK","(GenBank) putative fructokinase","Fructose and mannose metabolism, Starch and sucrose metabolism, Amino sugar and nucleotide sugar metabolism, Metabolic pathways, Biosynthesis of secondary metabolites, Biosynthesis of nucleotide sugars"
"571","SPy_1815","scrA","(GenBank) putative sucrose-specific PTS permease, enzyme II","Starch and sucrose metabolism, Phosphotransferase system (PTS)"
"572","SPy_1816","scrB","(GenBank) putative sucrose-6-phosphate hydrolase","Galactose metabolism, Starch and sucrose metabolism, Metabolic pathways, Biosynthesis of secondary metabolites"
"573","SPy_1823","comEB","(GenBank) putative late competence protein required for DNA binding","Pyrimidine metabolism, Metabolic pathways, Nucleotide metabolism"
"574","SPy_1825","uvrA","(GenBank) putative excinuclease ABC (subunit A)","Nucleotide excision repair"
"575","SPy_1829","rpsR","(GenBank) 30S ribosomal protein S18","Ribosome"
"576","SPy_1830","","(GenBank) putative single strand binding protein - phage associated","DNA replication, Mismatch repair, Homologous recombination"
"577","SPy_1831","rpsF","(GenBank) 30S ribosomal protein S6","Ribosome"
"578","SPy_1833","mutY","(GenBank) putative A/G-specific adenine glycosylase","Base excision repair"
"579","SPy_1837","mutS2","(GenBank) putative DNA mismatch repair protein","Mismatch repair"
"580","SPy_1841","","(GenBank) putative ribonuclease HIII","DNA replication"
"581","SPy_1842","spi","(GenBank) putative signal peptidase I","Protein export"
"582","SPy_1844","","(GenBank) putative exodeoxyribonuclease V (alpha subunit)","Homologous recombination"
"583","SPy_1849","pfl","(GenBank) putative pyruvate formate-lyase","Pyruvate metabolism, Propanoate metabolism, Butanoate metabolism, Metabolic pathways, Microbial metabolism in diverse environments"
"584","SPy_1864","dnaQ","(GenBank) putative DNA polymerase III epsilon subunit","DNA replication, Mismatch repair, Homologous recombination"
"585","SPy_1867","deoC","(GenBank) putative deoxyribose-phosphate aldolase","Pentose phosphate pathway, Metabolic pathways"
"586","SPy_1869","udp","(GenBank) putative uridine phosphorylase","Pyrimidine metabolism, Metabolic pathways, Nucleotide metabolism"
"587","SPy_1871","rpsN2","(GenBank) 30S ribosomal protein S14","Ribosome"
"588","SPy_1876","","(GenBank) conserved hypothetical protein","RNA degradation"
"589","SPy_1877","glnA","(GenBank) putative glutamine synthetase","Arginine biosynthesis, Alanine, aspartate and glutamate metabolism, Glyoxylate and dicarboxylate metabolism, Nitrogen metabolism, Metabolic pathways, Microbial metabolism in diverse environments, Biosynthesis of amino acids, Two-component system"
"590","SPy_1881","pgk","(GenBank) putative phosphoglycerate kinase","Glycolysis / Gluconeogenesis, Metabolic pathways, Biosynthesis of secondary metabolites, Microbial metabolism in diverse environments, Carbon metabolism, Biosynthesis of amino acids"
"591","SPy_1888","rpmB","(GenBank) 50S ribosomal protein L28","Ribosome"
"592","SPy_1889","fba","(GenBank) putative fructose-bisphosphate aldolase","Glycolysis / Gluconeogenesis, Pentose phosphate pathway, Fructose and mannose metabolism, Methane metabolism, Metabolic pathways, Biosynthesis of secondary metabolites, Microbial metabolism in diverse environments, Carbon metabolism, Biosynthesis of amino acids"
"593","SPy_t52","","(GenBank) tRNA-Leu","Aminoacyl-tRNA biosynthesis"
"594","SPy_1894","pyrG","(GenBank) putative CTP synthetase","Pyrimidine metabolism, Metabolic pathways, Nucleotide metabolism, Biosynthesis of cofactors"
"595","SPy_1895","rpoE","(GenBank) putative DNA-directed RNA polymerase (delta subunit)","RNA polymerase"
"596","SPy_1900","thiD","(GenBank) putative phosphomethylpyrimidine kinase","Vitamin B6 metabolism, Metabolic pathways, Biosynthesis of cofactors"
"597","SPy_1902","comX1.2","(GenBank) ComX1-like protein","Two-component system, Quorum sensing"
"598","SPy_t53","","(GenBank) tRNA-Arg","Aminoacyl-tRNA biosynthesis"
"599","SPy_t54","","(GenBank) tRNA-Asn","Aminoacyl-tRNA biosynthesis"
"600","SPy_r11","","(GenBank) 23S ribosomal RNA","Ribosome"
"601","SPy_t55","","(GenBank) tRNA-Ala","Aminoacyl-tRNA biosynthesis"
"602","SPy_r12","","(GenBank) 16S ribosomal RNA","Ribosome"
"603","SPy_1903","","(GenBank) conserved hypothetical protein","Glycine, serine and threonine metabolism, Glycerolipid metabolism, Glyoxylate and dicarboxylate metabolism, Metabolic pathways, Biosynthesis of secondary metabolites, Microbial metabolism in diverse environments"
"604","SPy_1908","salR","(GenBank) putative response regulator of salavaricin regulon","Two-component system"
"605","SPy_1916","lacG","(GenBank) putative phospho-beta-D-galactosidase","Galactose metabolism, Metabolic pathways"
"606","SPy_1917","lacE","(GenBank) putative PTS system, lactose-specific component IIBC","Galactose metabolism, Metabolic pathways, Phosphotransferase system (PTS)"
"607","SPy_1918","lacF","(GenBank) putative PTS system, lactose-specific component IIA","Galactose metabolism, Metabolic pathways, Phosphotransferase system (PTS)"
"608","SPy_1919","lacD.2","(GenBank) putative tagatose 1,6-diphosphate aldolase","Galactose metabolism, Metabolic pathways, Quorum sensing"
"609","SPy_1921","lacC.2","(GenBank) putative tagatose 6-phosphate kinase","Galactose metabolism, Metabolic pathways"
"610","SPy_1922","lacB.2","(GenBank) putative galactose-6-phosphate isomerase (B subunit)","Galactose metabolism, Metabolic pathways"
"611","SPy_1923","lacA.2","(GenBank) galactosidase acetyltransferase","Galactose metabolism, Metabolic pathways"
"612","SPy_1931","rpsI","(GenBank) ribosomal protein S9","Ribosome"
"613","SPy_1932","rplM","(GenBank) 50S ribosomal protein L13","Ribosome"
"614","SPy_1941","cysS","(GenBank) putative cysteinyl-tRNA synthetase","Aminoacyl-tRNA biosynthesis"
"615","SPy_1944","cysE","(GenBank) putative serine acetyltransferase","Cysteine and methionine metabolism, Sulfur metabolism, Metabolic pathways, Biosynthesis of secondary metabolites, Microbial metabolism in diverse environments, Carbon metabolism, Biosynthesis of amino acids"
"616","SPy_1946","pnpA","(GenBank) putative polynucleotide phosphorylase, alpha chain","RNA degradation"
"617","SPy_1947","","(GenBank) putative transaldolase","Pentose phosphate pathway, Metabolic pathways, Biosynthesis of secondary metabolites, Microbial metabolism in diverse environments, Carbon metabolism, Biosynthesis of amino acids"
"618","SPy_1949","","(GenBank) conserved hypothetical protein","Ascorbate and aldarate metabolism, Metabolic pathways, Microbial metabolism in diverse environments, Phosphotransferase system (PTS)"
"619","SPy_1950","","(GenBank) conserved hypothetical protein","Ascorbate and aldarate metabolism, Metabolic pathways, Microbial metabolism in diverse environments, Phosphotransferase system (PTS)"
"620","SPy_1952","","(GenBank) conserved hypothetical protein","Ascorbate and aldarate metabolism, Metabolic pathways, Microbial metabolism in diverse environments, Phosphotransferase system (PTS)"
"621","SPy_1955","rpsO","(GenBank) 30S ribosomal protein S15","Ribosome"
"622","SPy_1961","polC","(GenBank) DNA polymerase III (alpha subunit)","DNA replication, Mismatch repair, Homologous recombination"
"623","SPy_1962","proS","(GenBank) putative prolyl-tRNA synthetase","Aminoacyl-tRNA biosynthesis"
"624","SPy_1964","cdsA","(GenBank) putative phosphatidate cytidylyltransferase (CDP-diglyceride synthase)","Glycerophospholipid metabolism, Metabolic pathways, Biosynthesis of secondary metabolites"
"625","SPy_1965","uppS","(GenBank) putative undecaprenyl pyrophosphate synthetase","Peptidoglycan biosynthesis, Terpenoid backbone biosynthesis, Biosynthesis of secondary metabolites"
"626","SPy_1968","","(GenBank) hypothetical protein","Quorum sensing, Protein export, Bacterial secretion system"
"627","SPy_1976","msmK","(GenBank) multiple sugar-binding ABC transport system (ATP-binding protein)","ABC transporters"
"628","SPy_1981","relA","(GenBank) (p)ppGpp synthetase","Purine metabolism, Metabolic pathways"
"629","SPy_1985","","(GenBank) hypothetical protein","Starch and sucrose metabolism, Metabolic pathways"
"630","SPy_1986","","(GenBank) putative PTS system, enzyme II, A component","Starch and sucrose metabolism, Phosphotransferase system (PTS)"
"631","SPy_1990","pabB","(GenBank) putative para-aminobenzoate synthetase","Folate biosynthesis, Biosynthesis of cofactors"
"632","SPy_1991","trpG","(GenBank) anthranilate synthase component II","Phenylalanine, tyrosine and tryptophan biosynthesis, Metabolic pathways, Biosynthesis of secondary metabolites, Biosynthesis of amino acids, Quorum sensing"
"633","SPy_t56","","(GenBank) tRNA-Lys","Aminoacyl-tRNA biosynthesis"
"634","SPy_2000","dppA","(GenBank) surface lipoprotein","Quorum sensing"
"635","SPy_2001","dppB","(GenBank) transmembrane transport protein","Quorum sensing"
"636","SPy_2002","dppC","(GenBank) transmembrane transport protein","Quorum sensing"
"637","SPy_2003","dppD","(GenBank) ATPase protein","Quorum sensing"
"638","SPy_2004","dppE","(GenBank) ATPase protein","Quorum sensing"
"639","SPy_2007","lmb","(GenBank) putative laminin adhesion","ABC transporters"
"640","SPy_2016","sic","(GenBank) inhibitor of complement-mediated lysis","Cationic antimicrobial peptide (CAMP) resistance"
"641","SPy_2026","","(GenBank) putative histidine kinase","Two-component system"
"642","SPy_2027","","(GenBank) putative two-component response regulator","Two-component system"
"643","SPy_2039","speB","(GenBank) pyrogenic exotoxin B","Cationic antimicrobial peptide (CAMP) resistance, Quorum sensing"
"644","SPy_2042","ropB","(GenBank) putative transcription regulator","Quorum sensing"
"645","SPy_2047","gldA","(GenBank) putative glycerol dehydrogenase","Glycerolipid metabolism, Propanoate metabolism, Metabolic pathways"
"646","SPy_2050","","(GenBank) putative PTS system, enzyme IIC component","Starch and sucrose metabolism, Phosphotransferase system (PTS)"
"647","SPy_2051","","(GenBank) putative PTS system, enzyme IIB","Starch and sucrose metabolism, Phosphotransferase system (PTS)"
"648","SPy_2052","","(GenBank) putative PTS system, enzyme III","Starch and sucrose metabolism, Phosphotransferase system (PTS)"
"649","SPy_2058","","(GenBank) hypothetical protein","Quorum sensing, Protein export, Bacterial secretion system"
"650","SPy_2059","pbp2A","(GenBank) penicillin-binding protein 2a","Peptidoglycan biosynthesis, Metabolic pathways, beta-Lactam resistance"
"651","SPy_2070","groEL","(GenBank) heat shock protein (chaperonin)","RNA degradation"
"652","SPy_t57","","(GenBank) tRNA-Cys","Aminoacyl-tRNA biosynthesis"
"653","SPy_2081","hutI","(GenBank) putative imidazolonepropionase (imidazolone-5-propionate hydrolase)","Histidine metabolism, Metabolic pathways"
"654","SPy_2082","hutU","(GenBank) putative urocanate hydratase","Histidine metabolism, Metabolic pathways"
"655","SPy_2083","","(GenBank) putative formiminotransferase cyclodeaminase","Histidine metabolism, One carbon pool by folate, Metabolic pathways"
"656","SPy_2084","","(GenBank) putative serine cycle enzyme","One carbon pool by folate, Metabolic pathways, Carbon metabolism, Biosynthesis of cofactors"
"657","SPy_2085","fhs.2","(GenBank) putative formate-tetrahydrofolate ligase","One carbon pool by folate, Metabolic pathways, Microbial metabolism in diverse environments, Carbon metabolism, Biosynthesis of cofactors"
"658","SPy_2089","hutH","(GenBank) putative histidine ammonia-lyase","Histidine metabolism, Metabolic pathways"
"659","SPy_2090","hutG","(GenBank) putative formiminoglutamate hydrolase","Histidine metabolism, Metabolic pathways"
"660","SPy_2092","rpsB","(GenBank) 30S ribosomal protein S2","Ribosome"
"661","SPy_2096","dexS","(GenBank) putative dextran glucosidase","Starch and sucrose metabolism, Metabolic pathways"
"662","SPy_2097","","(GenBank) putative PTS system enzyme II","Starch and sucrose metabolism, Phosphotransferase system (PTS)"
"663","SPy_2103","","(GenBank) conserved hypothetical protein","Benzoate degradation, Xylene degradation, Styrene degradation, Metabolic pathways, Microbial metabolism in diverse environments, Degradation of aromatic compounds"
"664","SPy_2110","nrdD","(GenBank) putative anaerobic ribonucleoside-triphosphate reductase","Purine metabolism, Pyrimidine metabolism, Metabolic pathways, Nucleotide metabolism"
"665","SPy_2116","recA","(GenBank) recombination protein","Homologous recombination"
"666","SPy_2117","cinA","(GenBank) putative competence-damage protein","Nicotinate and nicotinamide metabolism, Metabolic pathways"
"667","SPy_2118","tag","(GenBank) putative 3-methyl-adenine DNA glycosylase I, constitutive","Base excision repair"
"668","SPy_2119","ruvA","(GenBank) putative Holiday junction DNA helicase","Homologous recombination"
"669","SPy_2121","mutL","(GenBank) putative DNA mismatch repair protein","Mismatch repair"
"670","SPy_2148","mutS","(GenBank) putative DNA mismatch repair protein","Mismatch repair"
"671","SPy_2151","argS","(GenBank) putative arginyl-tRNA synthetase","Aminoacyl-tRNA biosynthesis"
"672","SPy_2156","aspS","(GenBank) putative aspartyl-tRNA synthetase","Aminoacyl-tRNA biosynthesis"
"673","SPy_2157","hisS","(GenBank) putative histidine-tRNA ligase","Aminoacyl-tRNA biosynthesis"
"674","SPy_2159","rpmF","(GenBank) 50S ribosomal protein L32","Ribosome"
"675","SPy_2160","rpmG","(GenBank) 50S ribosomal protein L33","Ribosome"
"676","SPy_2178","rpsD","(GenBank) 30S ribosomal protein S4","Ribosome"
"677","SPy_2182","holB","(GenBank) DNA polymerase III delta prime subunit","DNA replication"
"678","SPy_2183","rplI","(GenBank) 50S ribosomal protein L9","Ribosome"
"679","SPy_2188","","(GenBank) putative tRNA-(5-methylaminomethyl-2-thiouridylate)","Sulfur relay system"
"680","SPy_2189","sdhB","(GenBank) putative L-serine dehydratase beta subunit","Glycine, serine and threonine metabolism, Cysteine and methionine metabolism, Metabolic pathways, Biosynthesis of secondary metabolites, Carbon metabolism, Biosynthesis of amino acids"
"681","SPy_2190","sdhA","(GenBank) putative L-serine dehydratase alpha subunit","Glycine, serine and threonine metabolism, Cysteine and methionine metabolism, Metabolic pathways, Biosynthesis of secondary metabolites, Carbon metabolism, Biosynthesis of amino acids"
"682","SPy_2193","","(GenBank) conserved hypothetical protein","ABC transporters"
"683","SPy_2194","","(GenBank) putative ABC transporter (ATP-binding protein)","ABC transporters"
"684","SPy_2195","","(GenBank) ABC transporter (ATP-binding protein)","ABC transporters"
"685","SPy_2196","pgsA","(GenBank) phosphatidylglycerophosphate synthase","Glycerophospholipid metabolism, Metabolic pathways"
"686","SPy_2201","hasB","(GenBank) UDP-glucose 6-dehydrogenase","Pentose and glucuronate interconversions, Ascorbate and aldarate metabolism, Amino sugar and nucleotide sugar metabolism, O-Antigen nucleotide sugar biosynthesis, Metabolic pathways, Biosynthesis of cofactors, Biosynthesis of nucleotide sugars"
"687","SPy_2202","hasC","(GenBank) UDP-glucose pyrophosphorylase","Pentose and glucuronate interconversions, Galactose metabolism, Starch and sucrose metabolism, Amino sugar and nucleotide sugar metabolism, O-Antigen nucleotide sugar biosynthesis, Metabolic pathways, Biosynthesis of secondary metabolites, Biosynthesis of cofactors, Biosynthesis of nucleotide sugars"
"688","SPy_2204","recF","(GenBank) RecF protein","Homologous recombination"
"689","SPy_2206","guaB","(GenBank) inosine monophosphate dehydrogenase","Purine metabolism, Metabolic pathways, Biosynthesis of secondary metabolites, Nucleotide metabolism"
"690","SPy_2207","trsA","(GenBank) putative tryptophanyl-tRNA synthetase","Aminoacyl-tRNA biosynthesis"
"691","SPy_t58","","(GenBank) tRNA-Asn","Aminoacyl-tRNA biosynthesis"
"692","SPy_t59","","(GenBank) tRNA-Glu","Aminoacyl-tRNA biosynthesis"
"693","SPy_t60","","(GenBank) tRNA-Arg","Aminoacyl-tRNA biosynthesis"
"694","SPy_2216","htrA","(GenBank) putative serine protease","Cationic antimicrobial peptide (CAMP) resistance, Two-component system"
