"","Gene","Pathway"
"1","pgn:PGN_0001","Two-component system"
"2","pgn:PGN_0002","Amino sugar and nucleotide sugar metabolism"
"3","pgn:PGN_0002","O-Antigen nucleotide sugar biosynthesis"
"4","pgn:PGN_0002","Metabolic pathways"
"5","pgn:PGN_0002","Biosynthesis of nucleotide sugars"
"6","pgn:PGN_0004","Nicotinate and nicotinamide metabolism"
"7","pgn:PGN_0004","Metabolic pathways"
"8","pgn:PGN_t0001","Aminoacyl-tRNA biosynthesis"
"9","pgn:PGN_t0002","Aminoacyl-tRNA biosynthesis"
"10","pgn:PGN_0009","Amino sugar and nucleotide sugar metabolism"
"11","pgn:PGN_0009","Metabolic pathways"
"12","pgn:PGN_0009","beta-Lactam resistance"
"13","pgn:PGN_0010","Porphyrin metabolism"
"14","pgn:PGN_0010","Metabolic pathways"
"15","pgn:PGN_0011","Methane metabolism"
"16","pgn:PGN_0011","Metabolic pathways"
"17","pgn:PGN_0011","Microbial metabolism in diverse environments"
"18","pgn:PGN_0011","Biosynthesis of cofactors"
"19","pgn:PGN_0013","Two-component system"
"20","pgn:PGN_0024","Terpenoid backbone biosynthesis"
"21","pgn:PGN_0024","Metabolic pathways"
"22","pgn:PGN_0024","Biosynthesis of secondary metabolites"
"23","pgn:PGN_t0003","Aminoacyl-tRNA biosynthesis"
"24","pgn:PGN_0026","Pyrimidine metabolism"
"25","pgn:PGN_0026","Metabolic pathways"
"26","pgn:PGN_0030","Other glycan degradation"
"27","pgn:PGN_0034","DNA replication"
"28","pgn:PGN_0034","Mismatch repair"
"29","pgn:PGN_0034","Homologous recombination"
"30","pgn:PGN_0035","Ribosome"
"31","pgn:PGN_0038","Glycine, serine and threonine metabolism"
"32","pgn:PGN_0038","Cyanoamino acid metabolism"
"33","pgn:PGN_0038","Glyoxylate and dicarboxylate metabolism"
"34","pgn:PGN_0038","One carbon pool by folate"
"35","pgn:PGN_0038","Methane metabolism"
"36","pgn:PGN_0038","Metabolic pathways"
"37","pgn:PGN_0038","Biosynthesis of secondary metabolites"
"38","pgn:PGN_0038","Microbial metabolism in diverse environments"
"39","pgn:PGN_0038","Carbon metabolism"
"40","pgn:PGN_0038","Biosynthesis of amino acids"
"41","pgn:PGN_0038","Biosynthesis of cofactors"
"42","pgn:PGN_0039","Other glycan degradation"
"43","pgn:PGN_0039","Amino sugar and nucleotide sugar metabolism"
"44","pgn:PGN_0039","Metabolic pathways"
"45","pgn:PGN_0042","Glycerophospholipid metabolism"
"46","pgn:PGN_0042","Metabolic pathways"
"47","pgn:PGN_0042","Biosynthesis of secondary metabolites"
"48","pgn:PGN_0096","Glycine, serine and threonine metabolism"
"49","pgn:PGN_0096","Monobactam biosynthesis"
"50","pgn:PGN_0096","Cysteine and methionine metabolism"
"51","pgn:PGN_0096","Lysine biosynthesis"
"52","pgn:PGN_0096","Metabolic pathways"
"53","pgn:PGN_0096","Biosynthesis of secondary metabolites"
"54","pgn:PGN_0096","Microbial metabolism in diverse environments"
"55","pgn:PGN_0096","2-Oxocarboxylic acid metabolism"
"56","pgn:PGN_0096","Biosynthesis of amino acids"
"57","pgn:PGN_0097","ABC transporters"
"58","pgn:PGN_0100","Lysine biosynthesis"
"59","pgn:PGN_0100","D-Amino acid metabolism"
"60","pgn:PGN_0100","Metabolic pathways"
"61","pgn:PGN_0100","Biosynthesis of secondary metabolites"
"62","pgn:PGN_0100","Microbial metabolism in diverse environments"
"63","pgn:PGN_0100","Biosynthesis of amino acids"
"64","pgn:PGN_0101","Ubiquinone and other terpenoid-quinone biosynthesis"
"65","pgn:PGN_0101","Metabolic pathways"
"66","pgn:PGN_0101","Biosynthesis of secondary metabolites"
"67","pgn:PGN_0101","Biosynthesis of cofactors"
"68","pgn:PGN_t0004","Aminoacyl-tRNA biosynthesis"
"69","pgn:PGN_t0005","Aminoacyl-tRNA biosynthesis"
"70","pgn:PGN_t0006","Aminoacyl-tRNA biosynthesis"
"71","pgn:PGN_0133","Biotin metabolism"
"72","pgn:PGN_0133","Metabolic pathways"
"73","pgn:PGN_0133","Biosynthesis of cofactors"
"74","pgn:PGN_0134","Biotin metabolism"
"75","pgn:PGN_0134","Metabolic pathways"
"76","pgn:PGN_0134","Biosynthesis of cofactors"
"77","pgn:PGN_0137","Aminoacyl-tRNA biosynthesis"
"78","pgn:PGN_0143","Folate biosynthesis"
"79","pgn:PGN_0143","Metabolic pathways"
"80","pgn:PGN_0143","Biosynthesis of cofactors"
"81","pgn:PGN_0149","Pentose phosphate pathway"
"82","pgn:PGN_0149","Purine metabolism"
"83","pgn:PGN_0149","Metabolic pathways"
"84","pgn:PGN_0149","Biosynthesis of secondary metabolites"
"85","pgn:PGN_0149","Microbial metabolism in diverse environments"
"86","pgn:PGN_0149","Carbon metabolism"
"87","pgn:PGN_0149","Biosynthesis of amino acids"
"88","pgn:PGN_0150","RNA degradation"
"89","pgn:PGN_t0007","Aminoacyl-tRNA biosynthesis"
"90","pgn:PGN_0157","Thiamine metabolism"
"91","pgn:PGN_0157","Metabolic pathways"
"92","pgn:PGN_0157","Biosynthesis of cofactors"
"93","pgn:PGN_0158","Thiamine metabolism"
"94","pgn:PGN_0158","Metabolic pathways"
"95","pgn:PGN_0158","Biosynthesis of cofactors"
"96","pgn:PGN_0159","Thiamine metabolism"
"97","pgn:PGN_0159","Metabolic pathways"
"98","pgn:PGN_0159","Biosynthesis of cofactors"
"99","pgn:PGN_0160","Thiamine metabolism"
"100","pgn:PGN_0160","Metabolic pathways"
"101","pgn:PGN_0160","Biosynthesis of cofactors"
"102","pgn:PGN_0161","Sulfur relay system"
"103","pgn:PGN_0167","Ribosome"
"104","pgn:PGN_0168","Amino sugar and nucleotide sugar metabolism"
"105","pgn:PGN_0168","O-Antigen nucleotide sugar biosynthesis"
"106","pgn:PGN_0168","Metabolic pathways"
"107","pgn:PGN_0168","Biosynthesis of nucleotide sugars"
"108","pgn:PGN_0170","Alanine, aspartate and glutamate metabolism"
"109","pgn:PGN_0170","Cyanoamino acid metabolism"
"110","pgn:PGN_0170","Metabolic pathways"
"111","pgn:PGN_0170","Biosynthesis of secondary metabolites"
"112","pgn:PGN_0173","Glycolysis / Gluconeogenesis"
"113","pgn:PGN_0173","Metabolic pathways"
"114","pgn:PGN_0173","Biosynthesis of secondary metabolites"
"115","pgn:PGN_0173","Microbial metabolism in diverse environments"
"116","pgn:PGN_0173","Carbon metabolism"
"117","pgn:PGN_0173","Biosynthesis of amino acids"
"118","pgn:PGN_0188","Ribosome"
"119","pgn:PGN_0189","Fatty acid biosynthesis"
"120","pgn:PGN_0189","Metabolic pathways"
"121","pgn:PGN_0189","Fatty acid metabolism"
"122","pgn:PGN_0195","Purine metabolism"
"123","pgn:PGN_0195","Metabolic pathways"
"124","pgn:PGN_0195","Biosynthesis of secondary metabolites"
"125","pgn:PGN_t0008","Aminoacyl-tRNA biosynthesis"
"126","pgn:PGN_0204","Porphyrin metabolism"
"127","pgn:PGN_0204","Metabolic pathways"
"128","pgn:PGN_0204","Biosynthesis of secondary metabolites"
"129","pgn:PGN_0204","Biosynthesis of cofactors"
"130","pgn:PGN_0206","Lipopolysaccharide biosynthesis"
"131","pgn:PGN_0206","Metabolic pathways"
"132","pgn:PGN_0207","Purine metabolism"
"133","pgn:PGN_0207","Pyrimidine metabolism"
"134","pgn:PGN_0207","Nicotinate and nicotinamide metabolism"
"135","pgn:PGN_0207","Metabolic pathways"
"136","pgn:PGN_0207","Biosynthesis of secondary metabolites"
"137","pgn:PGN_0209","Aminoacyl-tRNA biosynthesis"
"138","pgn:PGN_r0001","Ribosome"
"139","pgn:PGN_t0009","Aminoacyl-tRNA biosynthesis"
"140","pgn:PGN_t0010","Aminoacyl-tRNA biosynthesis"
"141","pgn:PGN_r0002","Ribosome"
"142","pgn:PGN_r0003","Ribosome"
"143","pgn:PGN_0224","Amino sugar and nucleotide sugar metabolism"
"144","pgn:PGN_0224","O-Antigen nucleotide sugar biosynthesis"
"145","pgn:PGN_0224","Metabolic pathways"
"146","pgn:PGN_0224","Biosynthesis of nucleotide sugars"
"147","pgn:PGN_0224","Two-component system"
"148","pgn:PGN_0228","Phenylalanine metabolism"
"149","pgn:PGN_0228","Metabolic pathways"
"150","pgn:PGN_0228","Microbial metabolism in diverse environments"
"151","pgn:PGN_0230","Cysteine and methionine metabolism"
"152","pgn:PGN_0230","Sulfur metabolism"
"153","pgn:PGN_0230","Metabolic pathways"
"154","pgn:PGN_0230","Biosynthesis of secondary metabolites"
"155","pgn:PGN_0230","Microbial metabolism in diverse environments"
"156","pgn:PGN_0230","Carbon metabolism"
"157","pgn:PGN_0230","Biosynthesis of amino acids"
"158","pgn:PGN_0234","Amino sugar and nucleotide sugar metabolism"
"159","pgn:PGN_0234","O-Antigen nucleotide sugar biosynthesis"
"160","pgn:PGN_0234","Metabolic pathways"
"161","pgn:PGN_0234","Biosynthesis of nucleotide sugars"
"162","pgn:PGN_0234","Two-component system"
"163","pgn:PGN_0240","Porphyrin metabolism"
"164","pgn:PGN_0240","Metabolic pathways"
"165","pgn:PGN_0240","Biosynthesis of secondary metabolites"
"166","pgn:PGN_0240","Biosynthesis of cofactors"
"167","pgn:PGN_0243","Glycolysis / Gluconeogenesis"
"168","pgn:PGN_0243","Glycine, serine and threonine metabolism"
"169","pgn:PGN_0243","Methane metabolism"
"170","pgn:PGN_0243","Metabolic pathways"
"171","pgn:PGN_0243","Biosynthesis of secondary metabolites"
"172","pgn:PGN_0243","Microbial metabolism in diverse environments"
"173","pgn:PGN_0243","Carbon metabolism"
"174","pgn:PGN_0243","Biosynthesis of amino acids"
"175","pgn:PGN_0250","Glutathione metabolism"
"176","pgn:PGN_0250","Metabolic pathways"
"177","pgn:PGN_0251","Fatty acid biosynthesis"
"178","pgn:PGN_0251","Metabolic pathways"
"179","pgn:PGN_0251","Biosynthesis of secondary metabolites"
"180","pgn:PGN_0251","Fatty acid metabolism"
"181","pgn:PGN_0256","Arginine and proline metabolism"
"182","pgn:PGN_0256","Metabolic pathways"
"183","pgn:PGN_0257","Arginine and proline metabolism"
"184","pgn:PGN_0257","Metabolic pathways"
"185","pgn:PGN_0258","Quorum sensing"
"186","pgn:PGN_0258","Protein export"
"187","pgn:PGN_0258","Bacterial secretion system"
"188","pgn:PGN_0264","Quorum sensing"
"189","pgn:PGN_0264","Protein export"
"190","pgn:PGN_0264","Bacterial secretion system"
"191","pgn:PGN_0265","Arginine and proline metabolism"
"192","pgn:PGN_0265","Metabolic pathways"
"193","pgn:PGN_0266","Aminoacyl-tRNA biosynthesis"
"194","pgn:PGN_0267","Riboflavin metabolism"
"195","pgn:PGN_0267","Metabolic pathways"
"196","pgn:PGN_0267","Biosynthesis of secondary metabolites"
"197","pgn:PGN_0267","Biosynthesis of cofactors"
"198","pgn:PGN_0267","Quorum sensing"
"199","pgn:PGN_0275","Glycolysis / Gluconeogenesis"
"200","pgn:PGN_0275","Pentose phosphate pathway"
"201","pgn:PGN_0275","Fructose and mannose metabolism"
"202","pgn:PGN_0275","Metabolic pathways"
"203","pgn:PGN_0275","Biosynthesis of secondary metabolites"
"204","pgn:PGN_0275","Microbial metabolism in diverse environments"
"205","pgn:PGN_0279","Ribosome"
"206","pgn:PGN_0281","Selenocompound metabolism"
"207","pgn:PGN_0281","Aminoacyl-tRNA biosynthesis"
"208","pgn:PGN_0281","Metabolic pathways"
"209","pgn:PGN_0282","Purine metabolism"
"210","pgn:PGN_0282","Pyrimidine metabolism"
"211","pgn:PGN_0282","Metabolic pathways"
"212","pgn:PGN_0298","Peptidoglycan biosynthesis"
"213","pgn:PGN_0298","Terpenoid backbone biosynthesis"
"214","pgn:PGN_0298","Biosynthesis of secondary metabolites"
"215","pgn:PGN_0310","Porphyrin metabolism"
"216","pgn:PGN_0310","Metabolic pathways"
"217","pgn:PGN_0310","Biosynthesis of secondary metabolites"
"218","pgn:PGN_0310","Microbial metabolism in diverse environments"
"219","pgn:PGN_0310","Biosynthesis of cofactors"
"220","pgn:PGN_0315","Porphyrin metabolism"
"221","pgn:PGN_0315","Metabolic pathways"
"222","pgn:PGN_0315","Biosynthesis of cofactors"
"223","pgn:PGN_0317","Porphyrin metabolism"
"224","pgn:PGN_0317","Metabolic pathways"
"225","pgn:PGN_0317","Biosynthesis of cofactors"
"226","pgn:PGN_0327","DNA replication"
"227","pgn:PGN_0327","Mismatch repair"
"228","pgn:PGN_0327","Homologous recombination"
"229","pgn:PGN_0331","Arginine biosynthesis"
"230","pgn:PGN_0331","Metabolic pathways"
"231","pgn:PGN_0331","Biosynthesis of secondary metabolites"
"232","pgn:PGN_0333","Pentose phosphate pathway"
"233","pgn:PGN_0333","Metabolic pathways"
"234","pgn:PGN_0333","Biosynthesis of secondary metabolites"
"235","pgn:PGN_0333","Microbial metabolism in diverse environments"
"236","pgn:PGN_0333","Carbon metabolism"
"237","pgn:PGN_0333","Biosynthesis of amino acids"
"238","pgn:PGN_0342","Base excision repair"
"239","pgn:PGN_0351","Citrate cycle (TCA cycle)"
"240","pgn:PGN_0351","Pyruvate metabolism"
"241","pgn:PGN_0351","Metabolic pathways"
"242","pgn:PGN_0351","Microbial metabolism in diverse environments"
"243","pgn:PGN_0351","Carbon metabolism"
"244","pgn:PGN_0351","Biosynthesis of amino acids"
"245","pgn:PGN_0360","Aminoacyl-tRNA biosynthesis"
"246","pgn:PGN_0365","Aminoacyl-tRNA biosynthesis"
"247","pgn:PGN_0366","Sulfur relay system"
"248","pgn:PGN_0367","Base excision repair"
"249","pgn:PGN_0369","DNA replication"
"250","pgn:PGN_0369","Mismatch repair"
"251","pgn:PGN_0369","Homologous recombination"
"252","pgn:PGN_0375","Pyrimidine metabolism"
"253","pgn:PGN_0375","Metabolic pathways"
"254","pgn:PGN_0376","Lipopolysaccharide biosynthesis"
"255","pgn:PGN_0376","Metabolic pathways"
"256","pgn:PGN_0376","Biosynthesis of nucleotide sugars"
"257","pgn:PGN_0377","Alanine, aspartate and glutamate metabolism"
"258","pgn:PGN_0377","Metabolic pathways"
"259","pgn:PGN_0378","Purine metabolism"
"260","pgn:PGN_0378","Metabolic pathways"
"261","pgn:PGN_0380","Glycolysis / Gluconeogenesis"
"262","pgn:PGN_0380","Galactose metabolism"
"263","pgn:PGN_0380","Starch and sucrose metabolism"
"264","pgn:PGN_0380","Amino sugar and nucleotide sugar metabolism"
"265","pgn:PGN_0380","Streptomycin biosynthesis"
"266","pgn:PGN_0380","Metabolic pathways"
"267","pgn:PGN_0380","Biosynthesis of secondary metabolites"
"268","pgn:PGN_0380","Microbial metabolism in diverse environments"
"269","pgn:PGN_0380","Carbon metabolism"
"270","pgn:PGN_0380","Biosynthesis of nucleotide sugars"
"271","pgn:PGN_0386","Phenylalanine, tyrosine and tryptophan biosynthesis"
"272","pgn:PGN_0386","Metabolic pathways"
"273","pgn:PGN_0386","Biosynthesis of secondary metabolites"
"274","pgn:PGN_0386","Biosynthesis of amino acids"
"275","pgn:PGN_0387","Metabolic pathways"
"276","pgn:PGN_0387","Biosynthesis of secondary metabolites"
"277","pgn:PGN_0389","Purine metabolism"
"278","pgn:PGN_0389","Metabolic pathways"
"279","pgn:PGN_0392","Nicotinate and nicotinamide metabolism"
"280","pgn:PGN_0392","Metabolic pathways"
"281","pgn:PGN_t0011","Aminoacyl-tRNA biosynthesis"
"282","pgn:PGN_0394","Ribosome"
"283","pgn:PGN_t0012","Aminoacyl-tRNA biosynthesis"
"284","pgn:PGN_0396","RNA degradation"
"285","pgn:PGN_0398","ABC transporters"
"286","pgn:PGN_0403","Vitamin B6 metabolism"
"287","pgn:PGN_0403","Metabolic pathways"
"288","pgn:PGN_0403","Microbial metabolism in diverse environments"
"289","pgn:PGN_0403","Biosynthesis of cofactors"
"290","pgn:PGN_0420","ABC transporters"
"291","pgn:PGN_0427","Starch and sucrose metabolism"
"292","pgn:PGN_0427","Metabolic pathways"
"293","pgn:PGN_0427","Biosynthesis of secondary metabolites"
"294","pgn:PGN_0428","Starch and sucrose metabolism"
"295","pgn:PGN_0428","Metabolic pathways"
"296","pgn:PGN_0428","Biosynthesis of secondary metabolites"
"297","pgn:PGN_0433","Glycolysis / Gluconeogenesis"
"298","pgn:PGN_0433","Metabolic pathways"
"299","pgn:PGN_0433","Biosynthesis of secondary metabolites"
"300","pgn:PGN_0433","Microbial metabolism in diverse environments"
"301","pgn:PGN_0433","Carbon metabolism"
"302","pgn:PGN_0433","Biosynthesis of amino acids"
"303","pgn:PGN_0434","Glycolysis / Gluconeogenesis"
"304","pgn:PGN_0434","Citrate cycle (TCA cycle)"
"305","pgn:PGN_0434","Pyruvate metabolism"
"306","pgn:PGN_0434","Metabolic pathways"
"307","pgn:PGN_0434","Biosynthesis of secondary metabolites"
"308","pgn:PGN_0434","Microbial metabolism in diverse environments"
"309","pgn:PGN_0434","Carbon metabolism"
"310","pgn:PGN_r0004","Ribosome"
"311","pgn:PGN_t0013","Aminoacyl-tRNA biosynthesis"
"312","pgn:PGN_t0014","Aminoacyl-tRNA biosynthesis"
"313","pgn:PGN_r0005","Ribosome"
"314","pgn:PGN_r0006","Ribosome"
"315","pgn:PGN_0444","beta-Lactam resistance"
"316","pgn:PGN_0444","Cationic antimicrobial peptide (CAMP) resistance"
"317","pgn:PGN_0444","Two-component system"
"318","pgn:PGN_0444","Bacterial secretion system"
"319","pgn:PGN_0456","Valine, leucine and isoleucine degradation"
"320","pgn:PGN_0456","Glyoxylate and dicarboxylate metabolism"
"321","pgn:PGN_0456","Propanoate metabolism"
"322","pgn:PGN_0456","Metabolic pathways"
"323","pgn:PGN_0456","Microbial metabolism in diverse environments"
"324","pgn:PGN_0456","Carbon metabolism"
"325","pgn:PGN_0457","Valine, leucine and isoleucine degradation"
"326","pgn:PGN_0457","Glyoxylate and dicarboxylate metabolism"
"327","pgn:PGN_0457","Propanoate metabolism"
"328","pgn:PGN_0457","Metabolic pathways"
"329","pgn:PGN_0457","Microbial metabolism in diverse environments"
"330","pgn:PGN_0457","Carbon metabolism"
"331","pgn:PGN_0461","Vancomycin resistance"
"332","pgn:PGN_0461","Two-component system"
"333","pgn:PGN_0465","Purine metabolism"
"334","pgn:PGN_0465","Metabolic pathways"
"335","pgn:PGN_0466","Glycerophospholipid metabolism"
"336","pgn:PGN_0466","Metabolic pathways"
"337","pgn:PGN_0468","Biotin metabolism"
"338","pgn:PGN_0468","Metabolic pathways"
"339","pgn:PGN_0468","Biosynthesis of cofactors"
"340","pgn:PGN_0469","Biotin metabolism"
"341","pgn:PGN_0469","Metabolic pathways"
"342","pgn:PGN_0469","Biosynthesis of cofactors"
"343","pgn:PGN_0483","Glycolysis / Gluconeogenesis"
"344","pgn:PGN_0483","Galactose metabolism"
"345","pgn:PGN_0483","Metabolic pathways"
"346","pgn:PGN_0483","Biosynthesis of secondary metabolites"
"347","pgn:PGN_0483","Microbial metabolism in diverse environments"
"348","pgn:PGN_0484","Galactose metabolism"
"349","pgn:PGN_0484","Amino sugar and nucleotide sugar metabolism"
"350","pgn:PGN_0484","Metabolic pathways"
"351","pgn:PGN_0484","Biosynthesis of nucleotide sugars"
"352","pgn:PGN_0491","Two-component system"
"353","pgn:PGN_0496","Citrate cycle (TCA cycle)"
"354","pgn:PGN_0496","Oxidative phosphorylation"
"355","pgn:PGN_0496","Butanoate metabolism"
"356","pgn:PGN_0496","Metabolic pathways"
"357","pgn:PGN_0496","Biosynthesis of secondary metabolites"
"358","pgn:PGN_0496","Microbial metabolism in diverse environments"
"359","pgn:PGN_0496","Carbon metabolism"
"360","pgn:PGN_0497","Citrate cycle (TCA cycle)"
"361","pgn:PGN_0497","Oxidative phosphorylation"
"362","pgn:PGN_0497","Butanoate metabolism"
"363","pgn:PGN_0497","Metabolic pathways"
"364","pgn:PGN_0497","Biosynthesis of secondary metabolites"
"365","pgn:PGN_0497","Microbial metabolism in diverse environments"
"366","pgn:PGN_0497","Carbon metabolism"
"367","pgn:PGN_0498","Citrate cycle (TCA cycle)"
"368","pgn:PGN_0498","Oxidative phosphorylation"
"369","pgn:PGN_0498","Butanoate metabolism"
"370","pgn:PGN_0498","Metabolic pathways"
"371","pgn:PGN_0498","Biosynthesis of secondary metabolites"
"372","pgn:PGN_0498","Microbial metabolism in diverse environments"
"373","pgn:PGN_0498","Carbon metabolism"
"374","pgn:PGN_0499","Valine, leucine and isoleucine degradation"
"375","pgn:PGN_0499","Glyoxylate and dicarboxylate metabolism"
"376","pgn:PGN_0499","Propanoate metabolism"
"377","pgn:PGN_0499","Metabolic pathways"
"378","pgn:PGN_0499","Microbial metabolism in diverse environments"
"379","pgn:PGN_0499","Carbon metabolism"
"380","pgn:PGN_0503","Benzoate degradation"
"381","pgn:PGN_0503","Butanoate metabolism"
"382","pgn:PGN_0503","Microbial metabolism in diverse environments"
"383","pgn:PGN_0504","Benzoate degradation"
"384","pgn:PGN_0504","Pyruvate metabolism"
"385","pgn:PGN_0504","Butanoate metabolism"
"386","pgn:PGN_0504","Metabolic pathways"
"387","pgn:PGN_0504","Microbial metabolism in diverse environments"
"388","pgn:PGN_0510","Purine metabolism"
"389","pgn:PGN_0510","Metabolic pathways"
"390","pgn:PGN_0512","Biotin metabolism"
"391","pgn:PGN_0512","Metabolic pathways"
"392","pgn:PGN_0515","Protein export"
"393","pgn:PGN_0517","Aminoacyl-tRNA biosynthesis"
"394","pgn:PGN_0518","Pentose phosphate pathway"
"395","pgn:PGN_0518","Pentose and glucuronate interconversions"
"396","pgn:PGN_0518","Metabolic pathways"
"397","pgn:PGN_0518","Biosynthesis of secondary metabolites"
"398","pgn:PGN_0518","Microbial metabolism in diverse environments"
"399","pgn:PGN_0518","Carbon metabolism"
"400","pgn:PGN_0518","Biosynthesis of amino acids"
"401","pgn:PGN_0520","Phenylalanine, tyrosine and tryptophan biosynthesis"
"402","pgn:PGN_0520","Metabolic pathways"
"403","pgn:PGN_0520","Biosynthesis of secondary metabolites"
"404","pgn:PGN_0520","Biosynthesis of amino acids"
"405","pgn:PGN_t0015","Aminoacyl-tRNA biosynthesis"
"406","pgn:PGN_0522","Folate biosynthesis"
"407","pgn:PGN_0522","Metabolic pathways"
"408","pgn:PGN_0522","Biosynthesis of cofactors"
"409","pgn:PGN_0524","Peptidoglycan biosynthesis"
"410","pgn:PGN_0533","Nicotinate and nicotinamide metabolism"
"411","pgn:PGN_0533","Metabolic pathways"
"412","pgn:PGN_0533","Biosynthesis of cofactors"
"413","pgn:PGN_0534","Nicotinate and nicotinamide metabolism"
"414","pgn:PGN_0534","Metabolic pathways"
"415","pgn:PGN_0534","Biosynthesis of cofactors"
"416","pgn:PGN_0535","Alanine, aspartate and glutamate metabolism"
"417","pgn:PGN_0535","Nicotinate and nicotinamide metabolism"
"418","pgn:PGN_0535","Metabolic pathways"
"419","pgn:PGN_0535","Biosynthesis of cofactors"
"420","pgn:PGN_0539","Pyruvate metabolism"
"421","pgn:PGN_0539","Metabolic pathways"
"422","pgn:PGN_0543","Aminoacyl-tRNA biosynthesis"
"423","pgn:PGN_0543","Metabolic pathways"
"424","pgn:PGN_0543","Biosynthesis of cofactors"
"425","pgn:PGN_0544","Lipopolysaccharide biosynthesis"
"426","pgn:PGN_0544","Metabolic pathways"
"427","pgn:PGN_0546","Streptomycin biosynthesis"
"428","pgn:PGN_0546","Polyketide sugar unit biosynthesis"
"429","pgn:PGN_0546","Acarbose and validamycin biosynthesis"
"430","pgn:PGN_0546","O-Antigen nucleotide sugar biosynthesis"
"431","pgn:PGN_0546","Metabolic pathways"
"432","pgn:PGN_0546","Biosynthesis of secondary metabolites"
"433","pgn:PGN_0546","Biosynthesis of nucleotide sugars"
"434","pgn:PGN_0547","Streptomycin biosynthesis"
"435","pgn:PGN_0547","Polyketide sugar unit biosynthesis"
"436","pgn:PGN_0547","O-Antigen nucleotide sugar biosynthesis"
"437","pgn:PGN_0547","Metabolic pathways"
"438","pgn:PGN_0547","Biosynthesis of secondary metabolites"
"439","pgn:PGN_0547","Biosynthesis of nucleotide sugars"
"440","pgn:PGN_0548","Streptomycin biosynthesis"
"441","pgn:PGN_0548","Polyketide sugar unit biosynthesis"
"442","pgn:PGN_0548","O-Antigen nucleotide sugar biosynthesis"
"443","pgn:PGN_0548","Metabolic pathways"
"444","pgn:PGN_0548","Biosynthesis of secondary metabolites"
"445","pgn:PGN_0548","Biosynthesis of nucleotide sugars"
"446","pgn:PGN_0549","Streptomycin biosynthesis"
"447","pgn:PGN_0549","Polyketide sugar unit biosynthesis"
"448","pgn:PGN_0549","Acarbose and validamycin biosynthesis"
"449","pgn:PGN_0549","O-Antigen nucleotide sugar biosynthesis"
"450","pgn:PGN_0549","Metabolic pathways"
"451","pgn:PGN_0549","Biosynthesis of secondary metabolites"
"452","pgn:PGN_0549","Biosynthesis of nucleotide sugars"
"453","pgn:PGN_0550","Glycine, serine and threonine metabolism"
"454","pgn:PGN_0550","Glyoxylate and dicarboxylate metabolism"
"455","pgn:PGN_0550","One carbon pool by folate"
"456","pgn:PGN_0550","Metabolic pathways"
"457","pgn:PGN_0550","Biosynthesis of secondary metabolites"
"458","pgn:PGN_0550","Carbon metabolism"
"459","pgn:PGN_0556","Porphyrin metabolism"
"460","pgn:PGN_0556","Metabolic pathways"
"461","pgn:PGN_0556","Biosynthesis of cofactors"
"462","pgn:PGN_t0016","Aminoacyl-tRNA biosynthesis"
"463","pgn:PGN_0568","Folate biosynthesis"
"464","pgn:PGN_0568","Metabolic pathways"
"465","pgn:PGN_0568","Biosynthesis of cofactors"
"466","pgn:PGN_0571","Peptidoglycan biosynthesis"
"467","pgn:PGN_0573","ABC transporters"
"468","pgn:PGN_t0017","Aminoacyl-tRNA biosynthesis"
"469","pgn:PGN_0599","Quorum sensing"
"470","pgn:PGN_0606","Amino sugar and nucleotide sugar metabolism"
"471","pgn:PGN_0606","Metabolic pathways"
"472","pgn:PGN_0608","Purine metabolism"
"473","pgn:PGN_0608","Metabolic pathways"
"474","pgn:PGN_0611","Glycine, serine and threonine metabolism"
"475","pgn:PGN_0611","Cysteine and methionine metabolism"
"476","pgn:PGN_0611","Methane metabolism"
"477","pgn:PGN_0611","Metabolic pathways"
"478","pgn:PGN_0611","Biosynthesis of secondary metabolites"
"479","pgn:PGN_0611","Microbial metabolism in diverse environments"
"480","pgn:PGN_0611","Carbon metabolism"
"481","pgn:PGN_0611","Biosynthesis of amino acids"
"482","pgn:PGN_0612","Glycine, serine and threonine metabolism"
"483","pgn:PGN_0612","Cysteine and methionine metabolism"
"484","pgn:PGN_0612","Methane metabolism"
"485","pgn:PGN_0612","Vitamin B6 metabolism"
"486","pgn:PGN_0612","Metabolic pathways"
"487","pgn:PGN_0612","Biosynthesis of secondary metabolites"
"488","pgn:PGN_0612","Microbial metabolism in diverse environments"
"489","pgn:PGN_0612","Carbon metabolism"
"490","pgn:PGN_0612","Biosynthesis of amino acids"
"491","pgn:PGN_0612","Biosynthesis of cofactors"
"492","pgn:PGN_0613","Amino sugar and nucleotide sugar metabolism"
"493","pgn:PGN_0613","O-Antigen nucleotide sugar biosynthesis"
"494","pgn:PGN_0613","Metabolic pathways"
"495","pgn:PGN_0613","Biosynthesis of nucleotide sugars"
"496","pgn:PGN_0618","Glycine, serine and threonine metabolism"
"497","pgn:PGN_0618","Monobactam biosynthesis"
"498","pgn:PGN_0618","Cysteine and methionine metabolism"
"499","pgn:PGN_0618","Lysine biosynthesis"
"500","pgn:PGN_0618","Metabolic pathways"
"501","pgn:PGN_0618","Biosynthesis of secondary metabolites"
"502","pgn:PGN_0618","Microbial metabolism in diverse environments"
"503","pgn:PGN_0618","2-Oxocarboxylic acid metabolism"
"504","pgn:PGN_0618","Biosynthesis of amino acids"
"505","pgn:PGN_0622","Peptidoglycan biosynthesis"
"506","pgn:PGN_0622","Metabolic pathways"
"507","pgn:PGN_0622","beta-Lactam resistance"
"508","pgn:PGN_0623","Lysine biosynthesis"
"509","pgn:PGN_0623","Peptidoglycan biosynthesis"
"510","pgn:PGN_0623","Metabolic pathways"
"511","pgn:PGN_0624","Peptidoglycan biosynthesis"
"512","pgn:PGN_0624","Metabolic pathways"
"513","pgn:PGN_0624","Vancomycin resistance"
"514","pgn:PGN_0625","D-Amino acid metabolism"
"515","pgn:PGN_0625","Peptidoglycan biosynthesis"
"516","pgn:PGN_0625","Metabolic pathways"
"517","pgn:PGN_0627","Peptidoglycan biosynthesis"
"518","pgn:PGN_0627","Metabolic pathways"
"519","pgn:PGN_0627","Vancomycin resistance"
"520","pgn:PGN_0628","Peptidoglycan biosynthesis"
"521","pgn:PGN_0628","Metabolic pathways"
"522","pgn:PGN_0634","Pantothenate and CoA biosynthesis"
"523","pgn:PGN_0634","Metabolic pathways"
"524","pgn:PGN_0634","Biosynthesis of secondary metabolites"
"525","pgn:PGN_0634","Biosynthesis of cofactors"
"526","pgn:PGN_0635","Purine metabolism"
"527","pgn:PGN_0635","Metabolic pathways"
"528","pgn:PGN_0636","Ribosome"
"529","pgn:PGN_0638","Flagellar assembly"
"530","pgn:PGN_0639","Ribosome"
"531","pgn:PGN_0640","Ribosome"
"532","pgn:PGN_0641","Ribosome"
"533","pgn:PGN_0642","ABC transporters"
"534","pgn:PGN_0643","Riboflavin metabolism"
"535","pgn:PGN_0643","Folate biosynthesis"
"536","pgn:PGN_0643","Metabolic pathways"
"537","pgn:PGN_0643","Biosynthesis of secondary metabolites"
"538","pgn:PGN_0643","Biosynthesis of cofactors"
"539","pgn:PGN_0646","Pyrimidine metabolism"
"540","pgn:PGN_0646","Metabolic pathways"
"541","pgn:PGN_0647","Terpenoid backbone biosynthesis"
"542","pgn:PGN_0647","Metabolic pathways"
"543","pgn:PGN_0647","Biosynthesis of secondary metabolites"
"544","pgn:PGN_0665","Glycolysis / Gluconeogenesis"
"545","pgn:PGN_0665","Fructose and mannose metabolism"
"546","pgn:PGN_0665","Metabolic pathways"
"547","pgn:PGN_0665","Biosynthesis of secondary metabolites"
"548","pgn:PGN_0665","Microbial metabolism in diverse environments"
"549","pgn:PGN_0665","Carbon metabolism"
"550","pgn:PGN_0665","Biosynthesis of amino acids"
"551","pgn:PGN_0667","Folate biosynthesis"
"552","pgn:PGN_0667","Metabolic pathways"
"553","pgn:PGN_0667","Biosynthesis of cofactors"
"554","pgn:PGN_0669","ABC transporters"
"555","pgn:PGN_0670","Nicotinate and nicotinamide metabolism"
"556","pgn:PGN_0670","Metabolic pathways"
"557","pgn:PGN_0670","Biosynthesis of cofactors"
"558","pgn:PGN_0671","Vitamin B6 metabolism"
"559","pgn:PGN_0671","Metabolic pathways"
"560","pgn:PGN_0671","Biosynthesis of cofactors"
"561","pgn:PGN_0678","Thiamine metabolism"
"562","pgn:PGN_0678","Metabolic pathways"
"563","pgn:PGN_0678","Biosynthesis of cofactors"
"564","pgn:PGN_0679","Lipopolysaccharide biosynthesis"
"565","pgn:PGN_0679","Metabolic pathways"
"566","pgn:PGN_t0018","Aminoacyl-tRNA biosynthesis"
"567","pgn:PGN_0692","Glycine, serine and threonine metabolism"
"568","pgn:PGN_0692","Methane metabolism"
"569","pgn:PGN_0692","Metabolic pathways"
"570","pgn:PGN_0692","Biosynthesis of secondary metabolites"
"571","pgn:PGN_0692","Microbial metabolism in diverse environments"
"572","pgn:PGN_0692","Carbon metabolism"
"573","pgn:PGN_0692","Biosynthesis of amino acids"
"574","pgn:PGN_0694","Ribosome"
"575","pgn:PGN_0695","Pyrimidine metabolism"
"576","pgn:PGN_0695","Metabolic pathways"
"577","pgn:PGN_0696","Lipopolysaccharide biosynthesis"
"578","pgn:PGN_0696","Metabolic pathways"
"579","pgn:PGN_0696","Biosynthesis of nucleotide sugars"
"580","pgn:PGN_0701","Galactose metabolism"
"581","pgn:PGN_0701","Other glycan degradation"
"582","pgn:PGN_0701","Sphingolipid metabolism"
"583","pgn:PGN_0701","Metabolic pathways"
"584","pgn:PGN_0705","Porphyrin metabolism"
"585","pgn:PGN_0705","Metabolic pathways"
"586","pgn:PGN_0705","Biosynthesis of cofactors"
"587","pgn:PGN_0713","Lysine biosynthesis"
"588","pgn:PGN_0713","Lysine degradation"
"589","pgn:PGN_0713","Metabolic pathways"
"590","pgn:PGN_0713","Biosynthesis of secondary metabolites"
"591","pgn:PGN_0713","Biosynthesis of amino acids"
"592","pgn:PGN_0714","Nicotinate and nicotinamide metabolism"
"593","pgn:PGN_0714","Metabolic pathways"
"594","pgn:PGN_0714","Biosynthesis of cofactors"
"595","pgn:PGN_0715","beta-Lactam resistance"
"596","pgn:PGN_0715","Cationic antimicrobial peptide (CAMP) resistance"
"597","pgn:PGN_0715","Two-component system"
"598","pgn:PGN_0715","Bacterial secretion system"
"599","pgn:PGN_0723","Butanoate metabolism"
"600","pgn:PGN_0723","Metabolic pathways"
"601","pgn:PGN_0723","Carbon metabolism"
"602","pgn:PGN_0724","Butanoate metabolism"
"603","pgn:PGN_0724","Metabolic pathways"
"604","pgn:PGN_0724","Carbon metabolism"
"605","pgn:PGN_0725","Butanoate metabolism"
"606","pgn:PGN_0725","Metabolic pathways"
"607","pgn:PGN_0725","Carbon metabolism"
"608","pgn:PGN_0727","Butanoate metabolism"
"609","pgn:PGN_0727","Metabolic pathways"
"610","pgn:PGN_0727","Microbial metabolism in diverse environments"
"611","pgn:PGN_0727","Carbon metabolism"
"612","pgn:PGN_0733","Starch and sucrose metabolism"
"613","pgn:PGN_0733","Metabolic pathways"
"614","pgn:PGN_0733","Biosynthesis of secondary metabolites"
"615","pgn:PGN_0735","Porphyrin metabolism"
"616","pgn:PGN_0735","Metabolic pathways"
"617","pgn:PGN_0735","Biosynthesis of cofactors"
"618","pgn:PGN_0736","Porphyrin metabolism"
"619","pgn:PGN_0736","Metabolic pathways"
"620","pgn:PGN_0736","Biosynthesis of cofactors"
"621","pgn:PGN_0737","Porphyrin metabolism"
"622","pgn:PGN_0737","Metabolic pathways"
"623","pgn:PGN_0737","Biosynthesis of cofactors"
"624","pgn:PGN_0738","Porphyrin metabolism"
"625","pgn:PGN_0738","Metabolic pathways"
"626","pgn:PGN_0738","Biosynthesis of cofactors"
"627","pgn:PGN_0739","D-Amino acid metabolism"
"628","pgn:PGN_0739","Metabolic pathways"
"629","pgn:PGN_0747","Phenylalanine, tyrosine and tryptophan biosynthesis"
"630","pgn:PGN_0747","Metabolic pathways"
"631","pgn:PGN_0747","Biosynthesis of secondary metabolites"
"632","pgn:PGN_0747","Biosynthesis of amino acids"
"633","pgn:PGN_0747","Quorum sensing"
"634","pgn:PGN_0757","Riboflavin metabolism"
"635","pgn:PGN_0757","Metabolic pathways"
"636","pgn:PGN_0757","Biosynthesis of secondary metabolites"
"637","pgn:PGN_0757","Biosynthesis of cofactors"
"638","pgn:PGN_0760","D-Amino acid metabolism"
"639","pgn:PGN_0760","Peptidoglycan biosynthesis"
"640","pgn:PGN_0760","Metabolic pathways"
"641","pgn:PGN_0760","Vancomycin resistance"
"642","pgn:PGN_0764","Riboflavin metabolism"
"643","pgn:PGN_0764","Metabolic pathways"
"644","pgn:PGN_0764","Biosynthesis of secondary metabolites"
"645","pgn:PGN_0764","Biosynthesis of cofactors"
"646","pgn:PGN_0766","Selenocompound metabolism"
"647","pgn:PGN_0766","Metabolic pathways"
"648","pgn:PGN_0767","DNA replication"
"649","pgn:PGN_0773","Pyruvate metabolism"
"650","pgn:PGN_0773","Metabolic pathways"
"651","pgn:PGN_0774","Two-component system"
"652","pgn:PGN_t0019","Aminoacyl-tRNA biosynthesis"
"653","pgn:PGN_0779","Pyrimidine metabolism"
"654","pgn:PGN_0779","Metabolic pathways"
"655","pgn:PGN_0792","RNA degradation"
"656","pgn:PGN_0793","Starch and sucrose metabolism"
"657","pgn:PGN_0793","Metabolic pathways"
"658","pgn:PGN_0793","Biosynthesis of secondary metabolites"
"659","pgn:PGN_t0020","Aminoacyl-tRNA biosynthesis"
"660","pgn:PGN_t0021","Aminoacyl-tRNA biosynthesis"
"661","pgn:PGN_0808","Terpenoid backbone biosynthesis"
"662","pgn:PGN_0808","Metabolic pathways"
"663","pgn:PGN_0808","Biosynthesis of secondary metabolites"
"664","pgn:PGN_0814","Purine metabolism"
"665","pgn:PGN_0814","Thiamine metabolism"
"666","pgn:PGN_0814","Metabolic pathways"
"667","pgn:PGN_0814","Biosynthesis of secondary metabolites"
"668","pgn:PGN_0814","Biosynthesis of cofactors"
"669","pgn:PGN_0815","Purine metabolism"
"670","pgn:PGN_0815","Metabolic pathways"
"671","pgn:PGN_0815","Biosynthesis of secondary metabolites"
"672","pgn:PGN_0816","Glycolysis / Gluconeogenesis"
"673","pgn:PGN_0816","Pentose phosphate pathway"
"674","pgn:PGN_0816","Fructose and mannose metabolism"
"675","pgn:PGN_0816","Methane metabolism"
"676","pgn:PGN_0816","Metabolic pathways"
"677","pgn:PGN_0816","Biosynthesis of secondary metabolites"
"678","pgn:PGN_0816","Microbial metabolism in diverse environments"
"679","pgn:PGN_0817","Peptidoglycan biosynthesis"
"680","pgn:PGN_0817","Metabolic pathways"
"681","pgn:PGN_0817","beta-Lactam resistance"
"682","pgn:PGN_0819","Aminoacyl-tRNA biosynthesis"
"683","pgn:PGN_t0022","Aminoacyl-tRNA biosynthesis"
"684","pgn:PGN_0824","RNA degradation"
"685","pgn:PGN_0826","Glycolysis / Gluconeogenesis"
"686","pgn:PGN_0826","Citrate cycle (TCA cycle)"
"687","pgn:PGN_0826","Glycine, serine and threonine metabolism"
"688","pgn:PGN_0826","Valine, leucine and isoleucine degradation"
"689","pgn:PGN_0826","Lysine degradation"
"690","pgn:PGN_0826","Tryptophan metabolism"
"691","pgn:PGN_0826","Pyruvate metabolism"
"692","pgn:PGN_0826","Glyoxylate and dicarboxylate metabolism"
"693","pgn:PGN_0826","Propanoate metabolism"
"694","pgn:PGN_0826","Metabolic pathways"
"695","pgn:PGN_0826","Biosynthesis of secondary metabolites"
"696","pgn:PGN_0826","Microbial metabolism in diverse environments"
"697","pgn:PGN_0826","Carbon metabolism"
"698","pgn:PGN_0826","Biosynthesis of cofactors"
"699","pgn:PGN_0827","Amino sugar and nucleotide sugar metabolism"
"700","pgn:PGN_0827","Metabolic pathways"
"701","pgn:PGN_0830","Lysine biosynthesis"
"702","pgn:PGN_0830","Metabolic pathways"
"703","pgn:PGN_0830","Biosynthesis of secondary metabolites"
"704","pgn:PGN_0830","Biosynthesis of amino acids"
"705","pgn:PGN_0833","Homologous recombination"
"706","pgn:PGN_0840","Mismatch repair"
"707","pgn:PGN_0841","Terpenoid backbone biosynthesis"
"708","pgn:PGN_0841","Metabolic pathways"
"709","pgn:PGN_0841","Biosynthesis of secondary metabolites"
"710","pgn:PGN_t0023","Aminoacyl-tRNA biosynthesis"
"711","pgn:PGN_0856","Base excision repair"
"712","pgn:PGN_0865","Purine metabolism"
"713","pgn:PGN_0865","One carbon pool by folate"
"714","pgn:PGN_0865","Metabolic pathways"
"715","pgn:PGN_0865","Biosynthesis of secondary metabolites"
"716","pgn:PGN_0869","Peptidoglycan biosynthesis"
"717","pgn:PGN_0869","Metabolic pathways"
"718","pgn:PGN_0869","beta-Lactam resistance"
"719","pgn:PGN_0880","Tryptophan metabolism"
"720","pgn:PGN_0880","Metabolic pathways"
"721","pgn:PGN_0891","Fatty acid biosynthesis"
"722","pgn:PGN_0891","Metabolic pathways"
"723","pgn:PGN_0891","Fatty acid metabolism"
"724","pgn:PGN_0893","Citrate cycle (TCA cycle)"
"725","pgn:PGN_0893","Pyruvate metabolism"
"726","pgn:PGN_0893","Metabolic pathways"
"727","pgn:PGN_0893","Biosynthesis of secondary metabolites"
"728","pgn:PGN_0893","Microbial metabolism in diverse environments"
"729","pgn:PGN_0893","Carbon metabolism"
"730","pgn:PGN_0894","DNA replication"
"731","pgn:PGN_0894","Mismatch repair"
"732","pgn:PGN_0894","Homologous recombination"
"733","pgn:PGN_0896","Peptidoglycan biosynthesis"
"734","pgn:PGN_0896","Metabolic pathways"
"735","pgn:PGN_0898","Arginine and proline metabolism"
"736","pgn:PGN_0898","Metabolic pathways"
"737","pgn:PGN_0901","Riboflavin metabolism"
"738","pgn:PGN_0901","Metabolic pathways"
"739","pgn:PGN_0901","Biosynthesis of secondary metabolites"
"740","pgn:PGN_0901","Biosynthesis of cofactors"
"741","pgn:PGN_0905","Pyrimidine metabolism"
"742","pgn:PGN_0905","Metabolic pathways"
"743","pgn:PGN_0905","Biosynthesis of cofactors"
"744","pgn:PGN_0906","Pyrimidine metabolism"
"745","pgn:PGN_0906","Metabolic pathways"
"746","pgn:PGN_0906","Biosynthesis of cofactors"
"747","pgn:PGN_0911","DNA replication"
"748","pgn:PGN_0916","RNA degradation"
"749","pgn:PGN_0931","Homologous recombination"
"750","pgn:PGN_0933","Homologous recombination"
"751","pgn:PGN_0936","Glycine, serine and threonine metabolism"
"752","pgn:PGN_0936","Glyoxylate and dicarboxylate metabolism"
"753","pgn:PGN_0936","Methane metabolism"
"754","pgn:PGN_0936","Metabolic pathways"
"755","pgn:PGN_0936","Biosynthesis of secondary metabolites"
"756","pgn:PGN_0936","Microbial metabolism in diverse environments"
"757","pgn:PGN_0936","Carbon metabolism"
"758","pgn:PGN_0938","Biotin metabolism"
"759","pgn:PGN_0938","Metabolic pathways"
"760","pgn:PGN_0938","Biosynthesis of cofactors"
"761","pgn:PGN_0949","ABC transporters"
"762","pgn:PGN_0950","ABC transporters"
"763","pgn:PGN_0962","Aminoacyl-tRNA biosynthesis"
"764","pgn:PGN_0964","Ribosome"
"765","pgn:PGN_0965","Ribosome"
"766","pgn:PGN_t0024","Aminoacyl-tRNA biosynthesis"
"767","pgn:PGN_0974","Phenylalanine, tyrosine and tryptophan biosynthesis"
"768","pgn:PGN_0974","Biosynthesis of various plant secondary metabolites"
"769","pgn:PGN_0974","Metabolic pathways"
"770","pgn:PGN_0974","Biosynthesis of secondary metabolites"
"771","pgn:PGN_0974","Biosynthesis of amino acids"
"772","pgn:PGN_0975","Ubiquinone and other terpenoid-quinone biosynthesis"
"773","pgn:PGN_0975","Metabolic pathways"
"774","pgn:PGN_0975","Biosynthesis of secondary metabolites"
"775","pgn:PGN_0975","Biosynthesis of cofactors"
"776","pgn:PGN_0976","Purine metabolism"
"777","pgn:PGN_0976","Metabolic pathways"
"778","pgn:PGN_0976","Biosynthesis of secondary metabolites"
"779","pgn:PGN_t0025","Aminoacyl-tRNA biosynthesis"
"780","pgn:PGN_0984","Glycerophospholipid metabolism"
"781","pgn:PGN_0984","Metabolic pathways"
"782","pgn:PGN_0984","Biosynthesis of secondary metabolites"
"783","pgn:PGN_0985","Glycine, serine and threonine metabolism"
"784","pgn:PGN_0985","Glycerophospholipid metabolism"
"785","pgn:PGN_0985","Metabolic pathways"
"786","pgn:PGN_0985","Biosynthesis of secondary metabolites"
"787","pgn:PGN_0987","Aminoacyl-tRNA biosynthesis"
"788","pgn:PGN_0992","Riboflavin metabolism"
"789","pgn:PGN_0992","Metabolic pathways"
"790","pgn:PGN_0992","Biosynthesis of secondary metabolites"
"791","pgn:PGN_0992","Biosynthesis of cofactors"
"792","pgn:PGN_0997","Pyrimidine metabolism"
"793","pgn:PGN_0997","Metabolic pathways"
"794","pgn:PGN_0998","Terpenoid backbone biosynthesis"
"795","pgn:PGN_0998","Metabolic pathways"
"796","pgn:PGN_0998","Biosynthesis of secondary metabolites"
"797","pgn:PGN_0999","Purine metabolism"
"798","pgn:PGN_0999","Metabolic pathways"
"799","pgn:PGN_0999","Biosynthesis of secondary metabolites"
"800","pgn:PGN_1000","Glycine, serine and threonine metabolism"
"801","pgn:PGN_1000","Glyoxylate and dicarboxylate metabolism"
"802","pgn:PGN_1000","Metabolic pathways"
"803","pgn:PGN_1000","Biosynthesis of secondary metabolites"
"804","pgn:PGN_1000","Carbon metabolism"
"805","pgn:PGN_1001","DNA replication"
"806","pgn:PGN_1001","Mismatch repair"
"807","pgn:PGN_1001","Homologous recombination"
"808","pgn:PGN_1002","Purine metabolism"
"809","pgn:PGN_1002","Metabolic pathways"
"810","pgn:PGN_1012","Terpenoid backbone biosynthesis"
"811","pgn:PGN_1012","Metabolic pathways"
"812","pgn:PGN_1012","Biosynthesis of secondary metabolites"
"813","pgn:PGN_1015","DNA replication"
"814","pgn:PGN_1015","Mismatch repair"
"815","pgn:PGN_1015","Homologous recombination"
"816","pgn:PGN_1022","Pyrimidine metabolism"
"817","pgn:PGN_1022","Metabolic pathways"
"818","pgn:PGN_1025","ABC transporters"
"819","pgn:PGN_1026","Metabolic pathways"
"820","pgn:PGN_1027","Pyrimidine metabolism"
"821","pgn:PGN_1027","Metabolic pathways"
"822","pgn:PGN_1027","Biosynthesis of cofactors"
"823","pgn:PGN_t0026","Aminoacyl-tRNA biosynthesis"
"824","pgn:PGN_1038","Arginine and proline metabolism"
"825","pgn:PGN_1038","Metabolic pathways"
"826","pgn:PGN_1041","Oxidative phosphorylation"
"827","pgn:PGN_1041","Two-component system"
"828","pgn:PGN_1042","Oxidative phosphorylation"
"829","pgn:PGN_1042","Two-component system"
"830","pgn:PGN_1044","Starch and sucrose metabolism"
"831","pgn:PGN_1044","Metabolic pathways"
"832","pgn:PGN_1045","Galactose metabolism"
"833","pgn:PGN_1045","Other glycan degradation"
"834","pgn:PGN_1045","Sphingolipid metabolism"
"835","pgn:PGN_1045","Metabolic pathways"
"836","pgn:PGN_t0027","Aminoacyl-tRNA biosynthesis"
"837","pgn:PGN_1047","Nitrogen metabolism"
"838","pgn:PGN_1047","Metabolic pathways"
"839","pgn:PGN_1049","Thiamine metabolism"
"840","pgn:PGN_1049","Folate biosynthesis"
"841","pgn:PGN_1049","Metabolic pathways"
"842","pgn:PGN_1049","Biosynthesis of cofactors"
"843","pgn:PGN_1049","Two-component system"
"844","pgn:PGN_1053","Phenylalanine, tyrosine and tryptophan biosynthesis"
"845","pgn:PGN_1053","Metabolic pathways"
"846","pgn:PGN_1053","Biosynthesis of secondary metabolites"
"847","pgn:PGN_1053","Biosynthesis of amino acids"
"848","pgn:PGN_1057","Homologous recombination"
"849","pgn:PGN_1068","Amino sugar and nucleotide sugar metabolism"
"850","pgn:PGN_1068","O-Antigen nucleotide sugar biosynthesis"
"851","pgn:PGN_1068","Metabolic pathways"
"852","pgn:PGN_1068","Biosynthesis of nucleotide sugars"
"853","pgn:PGN_1073","Amino sugar and nucleotide sugar metabolism"
"854","pgn:PGN_1073","O-Antigen nucleotide sugar biosynthesis"
"855","pgn:PGN_1073","Metabolic pathways"
"856","pgn:PGN_1073","Biosynthesis of nucleotide sugars"
"857","pgn:PGN_1078","Fructose and mannose metabolism"
"858","pgn:PGN_1078","Amino sugar and nucleotide sugar metabolism"
"859","pgn:PGN_1078","O-Antigen nucleotide sugar biosynthesis"
"860","pgn:PGN_1078","Metabolic pathways"
"861","pgn:PGN_1078","Biosynthesis of nucleotide sugars"
"862","pgn:PGN_1079","Fructose and mannose metabolism"
"863","pgn:PGN_1079","Amino sugar and nucleotide sugar metabolism"
"864","pgn:PGN_1079","O-Antigen nucleotide sugar biosynthesis"
"865","pgn:PGN_1079","Metabolic pathways"
"866","pgn:PGN_1079","Biosynthesis of nucleotide sugars"
"867","pgn:PGN_1080","Cysteine and methionine metabolism"
"868","pgn:PGN_1080","Valine, leucine and isoleucine degradation"
"869","pgn:PGN_1080","Valine, leucine and isoleucine biosynthesis"
"870","pgn:PGN_1080","Pantothenate and CoA biosynthesis"
"871","pgn:PGN_1080","Metabolic pathways"
"872","pgn:PGN_1080","Biosynthesis of secondary metabolites"
"873","pgn:PGN_1080","2-Oxocarboxylic acid metabolism"
"874","pgn:PGN_1080","Biosynthesis of amino acids"
"875","pgn:PGN_1080","Biosynthesis of cofactors"
"876","pgn:PGN_1088","Ribosome"
"877","pgn:PGN_1094","Glycine, serine and threonine metabolism"
"878","pgn:PGN_1094","Glyoxylate and dicarboxylate metabolism"
"879","pgn:PGN_1094","Metabolic pathways"
"880","pgn:PGN_1094","Biosynthesis of secondary metabolites"
"881","pgn:PGN_1094","Carbon metabolism"
"882","pgn:PGN_1095","Pyruvate metabolism"
"883","pgn:PGN_1095","Metabolic pathways"
"884","pgn:PGN_1098","Folate biosynthesis"
"885","pgn:PGN_1098","Metabolic pathways"
"886","pgn:PGN_t0028","Aminoacyl-tRNA biosynthesis"
"887","pgn:PGN_1104","Phenylalanine, tyrosine and tryptophan biosynthesis"
"888","pgn:PGN_1104","Metabolic pathways"
"889","pgn:PGN_1104","Biosynthesis of secondary metabolites"
"890","pgn:PGN_1104","Biosynthesis of amino acids"
"891","pgn:PGN_1111","One carbon pool by folate"
"892","pgn:PGN_1111","Metabolic pathways"
"893","pgn:PGN_1111","Microbial metabolism in diverse environments"
"894","pgn:PGN_1111","Carbon metabolism"
"895","pgn:PGN_1111","Biosynthesis of cofactors"
"896","pgn:PGN_1113","Homologous recombination"
"897","pgn:PGN_1117","Glycolysis / Gluconeogenesis"
"898","pgn:PGN_1117","Pyruvate metabolism"
"899","pgn:PGN_1117","Propanoate metabolism"
"900","pgn:PGN_1117","Metabolic pathways"
"901","pgn:PGN_1117","Microbial metabolism in diverse environments"
"902","pgn:PGN_1120","Nicotinate and nicotinamide metabolism"
"903","pgn:PGN_1120","Metabolic pathways"
"904","pgn:PGN_1121","Nicotinate and nicotinamide metabolism"
"905","pgn:PGN_1121","Metabolic pathways"
"906","pgn:PGN_1122","Nicotinate and nicotinamide metabolism"
"907","pgn:PGN_1122","Metabolic pathways"
"908","pgn:PGN_1130","Amino sugar and nucleotide sugar metabolism"
"909","pgn:PGN_1130","Peptidoglycan biosynthesis"
"910","pgn:PGN_1130","Metabolic pathways"
"911","pgn:PGN_1130","Biosynthesis of nucleotide sugars"
"912","pgn:PGN_1131","Lipoic acid metabolism"
"913","pgn:PGN_1131","Metabolic pathways"
"914","pgn:PGN_1131","Biosynthesis of cofactors"
"915","pgn:PGN_1136","Folate biosynthesis"
"916","pgn:PGN_1136","Metabolic pathways"
"917","pgn:PGN_1140","Pyrimidine metabolism"
"918","pgn:PGN_1140","Metabolic pathways"
"919","pgn:PGN_1140","Biosynthesis of cofactors"
"920","pgn:PGN_1141","Alanine, aspartate and glutamate metabolism"
"921","pgn:PGN_1141","Metabolic pathways"
"922","pgn:PGN_1148","Purine metabolism"
"923","pgn:PGN_1148","Metabolic pathways"
"924","pgn:PGN_1148","Biosynthesis of secondary metabolites"
"925","pgn:PGN_1151","Terpenoid backbone biosynthesis"
"926","pgn:PGN_1151","Metabolic pathways"
"927","pgn:PGN_1151","Biosynthesis of secondary metabolites"
"928","pgn:PGN_1153","Amino sugar and nucleotide sugar metabolism"
"929","pgn:PGN_1153","Peptidoglycan biosynthesis"
"930","pgn:PGN_1153","Metabolic pathways"
"931","pgn:PGN_1153","Biosynthesis of nucleotide sugars"
"932","pgn:PGN_1155","Glycolysis / Gluconeogenesis"
"933","pgn:PGN_1155","Pentose phosphate pathway"
"934","pgn:PGN_1155","Starch and sucrose metabolism"
"935","pgn:PGN_1155","Amino sugar and nucleotide sugar metabolism"
"936","pgn:PGN_1155","Metabolic pathways"
"937","pgn:PGN_1155","Biosynthesis of secondary metabolites"
"938","pgn:PGN_1155","Microbial metabolism in diverse environments"
"939","pgn:PGN_1155","Carbon metabolism"
"940","pgn:PGN_1155","Biosynthesis of nucleotide sugars"
"941","pgn:PGN_1156","Glycerophospholipid metabolism"
"942","pgn:PGN_1156","Biosynthesis of secondary metabolites"
"943","pgn:PGN_1157","Aminoacyl-tRNA biosynthesis"
"944","pgn:PGN_1158","Pyrimidine metabolism"
"945","pgn:PGN_1158","Metabolic pathways"
"946","pgn:PGN_1162","Lysine degradation"
"947","pgn:PGN_1162","Butanoate metabolism"
"948","pgn:PGN_1162","Metabolic pathways"
"949","pgn:PGN_1162","Microbial metabolism in diverse environments"
"950","pgn:PGN_1162","Two-component system"
"951","pgn:PGN_1163","Lysine degradation"
"952","pgn:PGN_1163","Metabolic pathways"
"953","pgn:PGN_1164","Lysine degradation"
"954","pgn:PGN_1164","Metabolic pathways"
"955","pgn:PGN_1165","Lysine degradation"
"956","pgn:PGN_1165","Metabolic pathways"
"957","pgn:PGN_1166","Lysine degradation"
"958","pgn:PGN_1166","Metabolic pathways"
"959","pgn:PGN_1168","Mismatch repair"
"960","pgn:PGN_1169","Lysine degradation"
"961","pgn:PGN_1169","D-Amino acid metabolism"
"962","pgn:PGN_1169","Metabolic pathways"
"963","pgn:PGN_1170","Lysine degradation"
"964","pgn:PGN_1170","D-Amino acid metabolism"
"965","pgn:PGN_1170","Metabolic pathways"
"966","pgn:PGN_1171","Lysine degradation"
"967","pgn:PGN_1171","Butanoate metabolism"
"968","pgn:PGN_1171","Metabolic pathways"
"969","pgn:PGN_1171","Microbial metabolism in diverse environments"
"970","pgn:PGN_1171","Two-component system"
"971","pgn:PGN_1172","Fatty acid degradation"
"972","pgn:PGN_1172","Valine, leucine and isoleucine degradation"
"973","pgn:PGN_1172","beta-Alanine metabolism"
"974","pgn:PGN_1172","Propanoate metabolism"
"975","pgn:PGN_1172","Butanoate metabolism"
"976","pgn:PGN_1172","Metabolic pathways"
"977","pgn:PGN_1172","Biosynthesis of secondary metabolites"
"978","pgn:PGN_1172","Microbial metabolism in diverse environments"
"979","pgn:PGN_1172","Carbon metabolism"
"980","pgn:PGN_1172","Fatty acid metabolism"
"981","pgn:PGN_1175","Butanoate metabolism"
"982","pgn:PGN_1175","Carbon metabolism"
"983","pgn:PGN_1176","Phenylalanine metabolism"
"984","pgn:PGN_1176","Benzoate degradation"
"985","pgn:PGN_1176","Butanoate metabolism"
"986","pgn:PGN_1176","Metabolic pathways"
"987","pgn:PGN_1176","Microbial metabolism in diverse environments"
"988","pgn:PGN_1176","Carbon metabolism"
"989","pgn:PGN_1178","Taurine and hypotaurine metabolism"
"990","pgn:PGN_1178","Pyruvate metabolism"
"991","pgn:PGN_1178","Propanoate metabolism"
"992","pgn:PGN_1178","Methane metabolism"
"993","pgn:PGN_1178","Metabolic pathways"
"994","pgn:PGN_1178","Microbial metabolism in diverse environments"
"995","pgn:PGN_1178","Carbon metabolism"
"996","pgn:PGN_1179","Taurine and hypotaurine metabolism"
"997","pgn:PGN_1179","Pyruvate metabolism"
"998","pgn:PGN_1179","Propanoate metabolism"
"999","pgn:PGN_1179","Methane metabolism"
"1000","pgn:PGN_1179","Metabolic pathways"
"1001","pgn:PGN_1179","Microbial metabolism in diverse environments"
"1002","pgn:PGN_1179","Carbon metabolism"
"1003","pgn:PGN_1187","Sulfur metabolism"
"1004","pgn:PGN_1187","Metabolic pathways"
"1005","pgn:PGN_1187","Microbial metabolism in diverse environments"
"1006","pgn:PGN_1189","Fructose and mannose metabolism"
"1007","pgn:PGN_1189","Amino sugar and nucleotide sugar metabolism"
"1008","pgn:PGN_1189","O-Antigen nucleotide sugar biosynthesis"
"1009","pgn:PGN_1189","Metabolic pathways"
"1010","pgn:PGN_1189","Biosynthesis of secondary metabolites"
"1011","pgn:PGN_1189","Biosynthesis of nucleotide sugars"
"1012","pgn:PGN_1194","Lysine biosynthesis"
"1013","pgn:PGN_1194","D-Amino acid metabolism"
"1014","pgn:PGN_1194","Peptidoglycan biosynthesis"
"1015","pgn:PGN_1194","Metabolic pathways"
"1016","pgn:PGN_1194","Vancomycin resistance"
"1017","pgn:PGN_t0029","Aminoacyl-tRNA biosynthesis"
"1018","pgn:PGN_t0030","Aminoacyl-tRNA biosynthesis"
"1019","pgn:PGN_1196","Amino sugar and nucleotide sugar metabolism"
"1020","pgn:PGN_1196","Metabolic pathways"
"1021","pgn:PGN_1197","Amino sugar and nucleotide sugar metabolism"
"1022","pgn:PGN_1197","Metabolic pathways"
"1023","pgn:PGN_1202","Two-component system"
"1024","pgn:PGN_1202","Flagellar assembly"
"1025","pgn:PGN_1203","Lysine biosynthesis"
"1026","pgn:PGN_1203","Peptidoglycan biosynthesis"
"1027","pgn:PGN_1203","Metabolic pathways"
"1028","pgn:PGN_1203","Vancomycin resistance"
"1029","pgn:PGN_1204","beta-Alanine metabolism"
"1030","pgn:PGN_1204","Pantothenate and CoA biosynthesis"
"1031","pgn:PGN_1204","Metabolic pathways"
"1032","pgn:PGN_1204","Biosynthesis of secondary metabolites"
"1033","pgn:PGN_1204","Biosynthesis of cofactors"
"1034","pgn:PGN_1205","Quorum sensing"
"1035","pgn:PGN_1205","Protein export"
"1036","pgn:PGN_1205","Bacterial secretion system"
"1037","pgn:PGN_1206","One carbon pool by folate"
"1038","pgn:PGN_1206","Metabolic pathways"
"1039","pgn:PGN_1206","Microbial metabolism in diverse environments"
"1040","pgn:PGN_1206","Carbon metabolism"
"1041","pgn:PGN_1206","Biosynthesis of cofactors"
"1042","pgn:PGN_1218","Aminoacyl-tRNA biosynthesis"
"1043","pgn:PGN_1220","Purine metabolism"
"1044","pgn:PGN_1220","Alanine, aspartate and glutamate metabolism"
"1045","pgn:PGN_1220","Metabolic pathways"
"1046","pgn:PGN_1220","Biosynthesis of secondary metabolites"
"1047","pgn:PGN_1220","Biosynthesis of cofactors"
"1048","pgn:PGN_1221","Porphyrin metabolism"
"1049","pgn:PGN_1221","Metabolic pathways"
"1050","pgn:PGN_1221","Biosynthesis of cofactors"
"1051","pgn:PGN_1225","Mismatch repair"
"1052","pgn:PGN_1226","Purine metabolism"
"1053","pgn:PGN_1226","Pyrimidine metabolism"
"1054","pgn:PGN_1226","Metabolic pathways"
"1055","pgn:PGN_1229","Aminoacyl-tRNA biosynthesis"
"1056","pgn:PGN_t0031","Aminoacyl-tRNA biosynthesis"
"1057","pgn:PGN_1232","Selenocompound metabolism"
"1058","pgn:PGN_1234","Alanine, aspartate and glutamate metabolism"
"1059","pgn:PGN_1234","Metabolic pathways"
"1060","pgn:PGN_1234","Biosynthesis of secondary metabolites"
"1061","pgn:PGN_1234","Biosynthesis of amino acids"
"1062","pgn:PGN_1236","Amino sugar and nucleotide sugar metabolism"
"1063","pgn:PGN_1236","O-Antigen nucleotide sugar biosynthesis"
"1064","pgn:PGN_1236","Metabolic pathways"
"1065","pgn:PGN_1236","Biosynthesis of nucleotide sugars"
"1066","pgn:PGN_1243","Pentose and glucuronate interconversions"
"1067","pgn:PGN_1243","Amino sugar and nucleotide sugar metabolism"
"1068","pgn:PGN_1243","O-Antigen nucleotide sugar biosynthesis"
"1069","pgn:PGN_1243","Metabolic pathways"
"1070","pgn:PGN_1243","Biosynthesis of cofactors"
"1071","pgn:PGN_1243","Biosynthesis of nucleotide sugars"
"1072","pgn:PGN_1245","Fatty acid biosynthesis"
"1073","pgn:PGN_1245","Fatty acid degradation"
"1074","pgn:PGN_1245","Metabolic pathways"
"1075","pgn:PGN_1245","Fatty acid metabolism"
"1076","pgn:PGN_1245","Quorum sensing"
"1077","pgn:PGN_1252","Propanoate metabolism"
"1078","pgn:PGN_1252","Metabolic pathways"
"1079","pgn:PGN_1258","Porphyrin metabolism"
"1080","pgn:PGN_1258","Metabolic pathways"
"1081","pgn:PGN_1258","Biosynthesis of cofactors"
"1082","pgn:PGN_1259","Porphyrin metabolism"
"1083","pgn:PGN_1259","Metabolic pathways"
"1084","pgn:PGN_1260","Porphyrin metabolism"
"1085","pgn:PGN_1260","Metabolic pathways"
"1086","pgn:PGN_1260","Biosynthesis of cofactors"
"1087","pgn:PGN_1261","Porphyrin metabolism"
"1088","pgn:PGN_1261","Metabolic pathways"
"1089","pgn:PGN_1261","Biosynthesis of cofactors"
"1090","pgn:PGN_1262","Porphyrin metabolism"
"1091","pgn:PGN_1262","Metabolic pathways"
"1092","pgn:PGN_1262","Biosynthesis of cofactors"
"1093","pgn:PGN_1267","Glycine, serine and threonine metabolism"
"1094","pgn:PGN_1267","Methane metabolism"
"1095","pgn:PGN_1267","Metabolic pathways"
"1096","pgn:PGN_1267","Biosynthesis of secondary metabolites"
"1097","pgn:PGN_1267","Microbial metabolism in diverse environments"
"1098","pgn:PGN_1267","Carbon metabolism"
"1099","pgn:PGN_1267","Biosynthesis of amino acids"
"1100","pgn:PGN_1272","Lysine biosynthesis"
"1101","pgn:PGN_1272","D-Amino acid metabolism"
"1102","pgn:PGN_1272","Metabolic pathways"
"1103","pgn:PGN_1272","Biosynthesis of secondary metabolites"
"1104","pgn:PGN_1272","Microbial metabolism in diverse environments"
"1105","pgn:PGN_1272","Biosynthesis of amino acids"
"1106","pgn:PGN_1273","Ubiquinone and other terpenoid-quinone biosynthesis"
"1107","pgn:PGN_1273","Metabolic pathways"
"1108","pgn:PGN_1273","Biosynthesis of secondary metabolites"
"1109","pgn:PGN_1273","Biosynthesis of cofactors"
"1110","pgn:PGN_1297","Folate biosynthesis"
"1111","pgn:PGN_1297","Metabolic pathways"
"1112","pgn:PGN_1298","Folate biosynthesis"
"1113","pgn:PGN_1298","Metabolic pathways"
"1114","pgn:PGN_1298","Biosynthesis of cofactors"
"1115","pgn:PGN_1304","ABC transporters"
"1116","pgn:PGN_1305","Cationic antimicrobial peptide (CAMP) resistance"
"1117","pgn:PGN_t0032","Aminoacyl-tRNA biosynthesis"
"1118","pgn:PGN_1313","Lipopolysaccharide biosynthesis"
"1119","pgn:PGN_1314","Nucleotide excision repair"
"1120","pgn:PGN_1314","Mismatch repair"
"1121","pgn:PGN_1316","Nucleotide excision repair"
"1122","pgn:PGN_1318","ABC transporters"
"1123","pgn:PGN_1320","ABC transporters"
"1124","pgn:PGN_1324","ABC transporters"
"1125","pgn:PGN_1324","Quorum sensing"
"1126","pgn:PGN_1325","ABC transporters"
"1127","pgn:PGN_1325","Quorum sensing"
"1128","pgn:PGN_1328","ABC transporters"
"1129","pgn:PGN_1328","Quorum sensing"
"1130","pgn:PGN_1329","ABC transporters"
"1131","pgn:PGN_1329","Quorum sensing"
"1132","pgn:PGN_1330","ABC transporters"
"1133","pgn:PGN_1330","Quorum sensing"
"1134","pgn:PGN_1332","Folate biosynthesis"
"1135","pgn:PGN_1332","Biosynthesis of cofactors"
"1136","pgn:PGN_1333","Folate biosynthesis"
"1137","pgn:PGN_1333","Biosynthesis of cofactors"
"1138","pgn:PGN_1338","Glycolysis / Gluconeogenesis"
"1139","pgn:PGN_1338","Pyruvate metabolism"
"1140","pgn:PGN_1338","Metabolic pathways"
"1141","pgn:PGN_1338","Biosynthesis of secondary metabolites"
"1142","pgn:PGN_1338","Microbial metabolism in diverse environments"
"1143","pgn:PGN_1338","Carbon metabolism"
"1144","pgn:PGN_1359","Vitamin B6 metabolism"
"1145","pgn:PGN_1359","Metabolic pathways"
"1146","pgn:PGN_1359","Biosynthesis of cofactors"
"1147","pgn:PGN_1367","Arginine biosynthesis"
"1148","pgn:PGN_1367","Alanine, aspartate and glutamate metabolism"
"1149","pgn:PGN_1367","Nitrogen metabolism"
"1150","pgn:PGN_1367","Metabolic pathways"
"1151","pgn:PGN_1367","Microbial metabolism in diverse environments"
"1152","pgn:PGN_1375","Fatty acid biosynthesis"
"1153","pgn:PGN_1375","Biotin metabolism"
"1154","pgn:PGN_1375","Metabolic pathways"
"1155","pgn:PGN_1375","Biosynthesis of secondary metabolites"
"1156","pgn:PGN_1375","Fatty acid metabolism"
"1157","pgn:PGN_1375","Biosynthesis of cofactors"
"1158","pgn:PGN_t0033","Aminoacyl-tRNA biosynthesis"
"1159","pgn:PGN_1378","DNA replication"
"1160","pgn:PGN_1381","Aminoacyl-tRNA biosynthesis"
"1161","pgn:PGN_1382","Phenylalanine, tyrosine and tryptophan biosynthesis"
"1162","pgn:PGN_1382","Metabolic pathways"
"1163","pgn:PGN_1382","Biosynthesis of secondary metabolites"
"1164","pgn:PGN_1382","Biosynthesis of amino acids"
"1165","pgn:PGN_t0034","Aminoacyl-tRNA biosynthesis"
"1166","pgn:PGN_1384","Glycerolipid metabolism"
"1167","pgn:PGN_1384","Glycerophospholipid metabolism"
"1168","pgn:PGN_1384","Metabolic pathways"
"1169","pgn:PGN_1384","Biosynthesis of secondary metabolites"
"1170","pgn:PGN_1387","ABC transporters"
"1171","pgn:PGN_1388","DNA replication"
"1172","pgn:PGN_1388","Base excision repair"
"1173","pgn:PGN_1388","Nucleotide excision repair"
"1174","pgn:PGN_1388","Mismatch repair"
"1175","pgn:PGN_1389","Arginine and proline metabolism"
"1176","pgn:PGN_1389","Metabolic pathways"
"1177","pgn:PGN_1390","Homologous recombination"
"1178","pgn:PGN_1396","Purine metabolism"
"1179","pgn:PGN_1396","Pyrimidine metabolism"
"1180","pgn:PGN_1396","Metabolic pathways"
"1181","pgn:PGN_r0007","Ribosome"
"1182","pgn:PGN_r0008","Ribosome"
"1183","pgn:PGN_t0035","Aminoacyl-tRNA biosynthesis"
"1184","pgn:PGN_t0036","Aminoacyl-tRNA biosynthesis"
"1185","pgn:PGN_r0009","Ribosome"
"1186","pgn:PGN_1401","Alanine, aspartate and glutamate metabolism"
"1187","pgn:PGN_1401","Arginine and proline metabolism"
"1188","pgn:PGN_1401","Metabolic pathways"
"1189","pgn:PGN_1403","Arginine and proline metabolism"
"1190","pgn:PGN_1403","Metabolic pathways"
"1191","pgn:PGN_1403","Biosynthesis of secondary metabolites"
"1192","pgn:PGN_1411","Cysteine and methionine metabolism"
"1193","pgn:PGN_1411","Metabolic pathways"
"1194","pgn:PGN_1412","Purine metabolism"
"1195","pgn:PGN_1412","Pyrimidine metabolism"
"1196","pgn:PGN_1412","Nicotinate and nicotinamide metabolism"
"1197","pgn:PGN_1412","Metabolic pathways"
"1198","pgn:PGN_1412","Biosynthesis of secondary metabolites"
"1199","pgn:PGN_1418","Glycolysis / Gluconeogenesis"
"1200","pgn:PGN_1418","Citrate cycle (TCA cycle)"
"1201","pgn:PGN_1418","Pyruvate metabolism"
"1202","pgn:PGN_1418","Butanoate metabolism"
"1203","pgn:PGN_1418","Metabolic pathways"
"1204","pgn:PGN_1418","Biosynthesis of secondary metabolites"
"1205","pgn:PGN_1418","Microbial metabolism in diverse environments"
"1206","pgn:PGN_1418","Carbon metabolism"
"1207","pgn:PGN_1431","beta-Lactam resistance"
"1208","pgn:PGN_1431","Cationic antimicrobial peptide (CAMP) resistance"
"1209","pgn:PGN_1434","Glutathione metabolism"
"1210","pgn:PGN_1434","Metabolic pathways"
"1211","pgn:PGN_t0037","Aminoacyl-tRNA biosynthesis"
"1212","pgn:PGN_t0038","Aminoacyl-tRNA biosynthesis"
"1213","pgn:PGN_t0039","Aminoacyl-tRNA biosynthesis"
"1214","pgn:PGN_t0040","Aminoacyl-tRNA biosynthesis"
"1215","pgn:PGN_1440","Vancomycin resistance"
"1216","pgn:PGN_1440","Two-component system"
"1217","pgn:PGN_1441","Nicotinate and nicotinamide metabolism"
"1218","pgn:PGN_1441","Metabolic pathways"
"1219","pgn:PGN_1441","Biosynthesis of cofactors"
"1220","pgn:PGN_1443","Pyrimidine metabolism"
"1221","pgn:PGN_1443","Alanine, aspartate and glutamate metabolism"
"1222","pgn:PGN_1443","Metabolic pathways"
"1223","pgn:PGN_1443","Biosynthesis of cofactors"
"1224","pgn:PGN_1444","Pyrimidine metabolism"
"1225","pgn:PGN_1444","Alanine, aspartate and glutamate metabolism"
"1226","pgn:PGN_1444","Metabolic pathways"
"1227","pgn:PGN_1444","Biosynthesis of cofactors"
"1228","pgn:PGN_1445","Purine metabolism"
"1229","pgn:PGN_1445","Alanine, aspartate and glutamate metabolism"
"1230","pgn:PGN_1445","Metabolic pathways"
"1231","pgn:PGN_1445","Biosynthesis of secondary metabolites"
"1232","pgn:PGN_1446","Quorum sensing"
"1233","pgn:PGN_1446","Protein export"
"1234","pgn:PGN_1446","Bacterial secretion system"
"1235","pgn:PGN_1447","Pyrimidine metabolism"
"1236","pgn:PGN_1447","Metabolic pathways"
"1237","pgn:PGN_1447","Biosynthesis of cofactors"
"1238","pgn:PGN_1449","Purine metabolism"
"1239","pgn:PGN_1449","Metabolic pathways"
"1240","pgn:PGN_1449","Biosynthesis of secondary metabolites"
"1241","pgn:PGN_1450","Metabolic pathways"
"1242","pgn:PGN_1450","Biosynthesis of secondary metabolites"
"1243","pgn:PGN_1452","RNA degradation"
"1244","pgn:PGN_t0041","Aminoacyl-tRNA biosynthesis"
"1245","pgn:PGN_1458","Quorum sensing"
"1246","pgn:PGN_1458","Protein export"
"1247","pgn:PGN_1458","Bacterial secretion system"
"1248","pgn:PGN_1460","Purine metabolism"
"1249","pgn:PGN_1460","Metabolic pathways"
"1250","pgn:PGN_1464","Glycerophospholipid metabolism"
"1251","pgn:PGN_1466","Cationic antimicrobial peptide (CAMP) resistance"
"1252","pgn:PGN_1468","Lipoic acid metabolism"
"1253","pgn:PGN_1468","Metabolic pathways"
"1254","pgn:PGN_1468","Biosynthesis of cofactors"
"1255","pgn:PGN_1471","ABC transporters"
"1256","pgn:PGN_1474","Cysteine and methionine metabolism"
"1257","pgn:PGN_1474","Metabolic pathways"
"1258","pgn:PGN_1474","Biosynthesis of amino acids"
"1259","pgn:PGN_1474","Quorum sensing"
"1260","pgn:PGN_1475","Cysteine and methionine metabolism"
"1261","pgn:PGN_1475","Metabolic pathways"
"1262","pgn:PGN_1475","Biosynthesis of amino acids"
"1263","pgn:PGN_1482","Homologous recombination"
"1264","pgn:PGN_1485","Quorum sensing"
"1265","pgn:PGN_1485","Protein export"
"1266","pgn:PGN_1485","Bacterial secretion system"
"1267","pgn:PGN_1487","Pantothenate and CoA biosynthesis"
"1268","pgn:PGN_1487","Metabolic pathways"
"1269","pgn:PGN_1487","Biosynthesis of cofactors"
"1270","pgn:PGN_1489","Glycine, serine and threonine metabolism"
"1271","pgn:PGN_1489","Metabolic pathways"
"1272","pgn:PGN_1490","Porphyrin metabolism"
"1273","pgn:PGN_1490","Metabolic pathways"
"1274","pgn:PGN_1490","Biosynthesis of cofactors"
"1275","pgn:PGN_1492","beta-Alanine metabolism"
"1276","pgn:PGN_1492","Pantothenate and CoA biosynthesis"
"1277","pgn:PGN_1492","Metabolic pathways"
"1278","pgn:PGN_1492","Biosynthesis of secondary metabolites"
"1279","pgn:PGN_1492","Biosynthesis of cofactors"
"1280","pgn:PGN_1495","Glycine, serine and threonine metabolism"
"1281","pgn:PGN_1495","Metabolic pathways"
"1282","pgn:PGN_1495","Biosynthesis of secondary metabolites"
"1283","pgn:PGN_1495","Microbial metabolism in diverse environments"
"1284","pgn:PGN_1495","Biosynthesis of amino acids"
"1285","pgn:PGN_1501","Fructose and mannose metabolism"
"1286","pgn:PGN_1501","Amino sugar and nucleotide sugar metabolism"
"1287","pgn:PGN_1501","O-Antigen nucleotide sugar biosynthesis"
"1288","pgn:PGN_1501","Metabolic pathways"
"1289","pgn:PGN_1501","Biosynthesis of secondary metabolites"
"1290","pgn:PGN_1501","Biosynthesis of cofactors"
"1291","pgn:PGN_1501","Biosynthesis of nucleotide sugars"
"1292","pgn:PGN_1504","Purine metabolism"
"1293","pgn:PGN_1504","Alanine, aspartate and glutamate metabolism"
"1294","pgn:PGN_1504","Metabolic pathways"
"1295","pgn:PGN_1504","Biosynthesis of cofactors"
"1296","pgn:PGN_1505","Folate biosynthesis"
"1297","pgn:PGN_1505","Metabolic pathways"
"1298","pgn:PGN_1505","Biosynthesis of cofactors"
"1299","pgn:PGN_1515","Pantothenate and CoA biosynthesis"
"1300","pgn:PGN_1515","Metabolic pathways"
"1301","pgn:PGN_1515","Biosynthesis of cofactors"
"1302","pgn:PGN_1516","Sulfur relay system"
"1303","pgn:PGN_1523","Two-component system"
"1304","pgn:PGN_1524","Two-component system"
"1305","pgn:PGN_1529","Glycolysis / Gluconeogenesis"
"1306","pgn:PGN_1529","Citrate cycle (TCA cycle)"
"1307","pgn:PGN_1529","Pyruvate metabolism"
"1308","pgn:PGN_1529","Butanoate metabolism"
"1309","pgn:PGN_1529","Metabolic pathways"
"1310","pgn:PGN_1529","Biosynthesis of secondary metabolites"
"1311","pgn:PGN_1529","Microbial metabolism in diverse environments"
"1312","pgn:PGN_1529","Carbon metabolism"
"1313","pgn:PGN_1530","Glycolysis / Gluconeogenesis"
"1314","pgn:PGN_1530","Citrate cycle (TCA cycle)"
"1315","pgn:PGN_1530","Pyruvate metabolism"
"1316","pgn:PGN_1530","Butanoate metabolism"
"1317","pgn:PGN_1530","Metabolic pathways"
"1318","pgn:PGN_1530","Biosynthesis of secondary metabolites"
"1319","pgn:PGN_1530","Microbial metabolism in diverse environments"
"1320","pgn:PGN_1530","Carbon metabolism"
"1321","pgn:PGN_1533","Nitrogen metabolism"
"1322","pgn:PGN_1533","Metabolic pathways"
"1323","pgn:PGN_1551","RNA degradation"
"1324","pgn:PGN_1555","Mismatch repair"
"1325","pgn:PGN_1564","RNA degradation"
"1326","pgn:PGN_1567","Homologous recombination"
"1327","pgn:PGN_1570","RNA polymerase"
"1328","pgn:PGN_1571","RNA polymerase"
"1329","pgn:PGN_1572","Ribosome"
"1330","pgn:PGN_1573","Ribosome"
"1331","pgn:PGN_1574","Ribosome"
"1332","pgn:PGN_1575","Ribosome"
"1333","pgn:PGN_1577","Quorum sensing"
"1334","pgn:PGN_1577","Protein export"
"1335","pgn:PGN_1577","Bacterial secretion system"
"1336","pgn:PGN_t0042","Aminoacyl-tRNA biosynthesis"
"1337","pgn:PGN_t0043","Aminoacyl-tRNA biosynthesis"
"1338","pgn:PGN_t0044","Aminoacyl-tRNA biosynthesis"
"1339","pgn:PGN_1580","Ribosome"
"1340","pgn:PGN_1581","Mismatch repair"
"1341","pgn:PGN_1585","Nucleotide excision repair"
"1342","pgn:PGN_1588","Ribosome"
"1343","pgn:PGN_1589","Ribosome"
"1344","pgn:PGN_1590","Ribosome"
"1345","pgn:PGN_1593","Pantothenate and CoA biosynthesis"
"1346","pgn:PGN_1593","Metabolic pathways"
"1347","pgn:PGN_1593","Biosynthesis of cofactors"
"1348","pgn:PGN_1603","Pyrimidine metabolism"
"1349","pgn:PGN_1603","Alanine, aspartate and glutamate metabolism"
"1350","pgn:PGN_1603","Metabolic pathways"
"1351","pgn:PGN_1603","Biosynthesis of cofactors"
"1352","pgn:PGN_1604","Pyrimidine metabolism"
"1353","pgn:PGN_1604","Alanine, aspartate and glutamate metabolism"
"1354","pgn:PGN_1604","Metabolic pathways"
"1355","pgn:PGN_1604","Biosynthesis of cofactors"
"1356","pgn:PGN_1608","Other glycan degradation"
"1357","pgn:PGN_1608","Sphingolipid metabolism"
"1358","pgn:PGN_1608","Metabolic pathways"
"1359","pgn:PGN_1612","Starch and sucrose metabolism"
"1360","pgn:PGN_1613","Homologous recombination"
"1361","pgn:PGN_1614","Galactose metabolism"
"1362","pgn:PGN_1614","Amino sugar and nucleotide sugar metabolism"
"1363","pgn:PGN_1614","O-Antigen nucleotide sugar biosynthesis"
"1364","pgn:PGN_1614","Metabolic pathways"
"1365","pgn:PGN_1614","Biosynthesis of nucleotide sugars"
"1366","pgn:PGN_1618","Cysteine and methionine metabolism"
"1367","pgn:PGN_1618","Selenocompound metabolism"
"1368","pgn:PGN_1618","Metabolic pathways"
"1369","pgn:PGN_1626","Metabolic pathways"
"1370","pgn:PGN_1626","Biosynthesis of secondary metabolites"
"1371","pgn:PGN_1630","RNA degradation"
"1372","pgn:PGN_1633","Histidine metabolism"
"1373","pgn:PGN_1633","One carbon pool by folate"
"1374","pgn:PGN_1633","Metabolic pathways"
"1375","pgn:PGN_1634","Histidine metabolism"
"1376","pgn:PGN_1634","Metabolic pathways"
"1377","pgn:PGN_1637","One carbon pool by folate"
"1378","pgn:PGN_1637","Metabolic pathways"
"1379","pgn:PGN_1637","Carbon metabolism"
"1380","pgn:PGN_1637","Biosynthesis of cofactors"
"1381","pgn:PGN_1638","Histidine metabolism"
"1382","pgn:PGN_1638","Metabolic pathways"
"1383","pgn:PGN_1646","Aminoacyl-tRNA biosynthesis"
"1384","pgn:PGN_1647","Ribosome"
"1385","pgn:PGN_1648","Ribosome"
"1386","pgn:PGN_1666","Purine metabolism"
"1387","pgn:PGN_1666","Metabolic pathways"
"1388","pgn:PGN_1666","Biosynthesis of secondary metabolites"
"1389","pgn:PGN_1679","beta-Lactam resistance"
"1390","pgn:PGN_1679","Cationic antimicrobial peptide (CAMP) resistance"
"1391","pgn:PGN_1679","Two-component system"
"1392","pgn:PGN_1679","Bacterial secretion system"
"1393","pgn:PGN_1685","Pyruvate metabolism"
"1394","pgn:PGN_1685","Metabolic pathways"
"1395","pgn:PGN_1685","Microbial metabolism in diverse environments"
"1396","pgn:PGN_1685","Carbon metabolism"
"1397","pgn:PGN_1688","Pentose phosphate pathway"
"1398","pgn:PGN_1688","Fructose and mannose metabolism"
"1399","pgn:PGN_1688","Metabolic pathways"
"1400","pgn:PGN_1688","Biosynthesis of secondary metabolites"
"1401","pgn:PGN_1688","Microbial metabolism in diverse environments"
"1402","pgn:PGN_1688","Carbon metabolism"
"1403","pgn:PGN_1688","Biosynthesis of amino acids"
"1404","pgn:PGN_1689","Pentose phosphate pathway"
"1405","pgn:PGN_1689","Metabolic pathways"
"1406","pgn:PGN_1689","Biosynthesis of secondary metabolites"
"1407","pgn:PGN_1689","Microbial metabolism in diverse environments"
"1408","pgn:PGN_1689","Carbon metabolism"
"1409","pgn:PGN_1689","Biosynthesis of amino acids"
"1410","pgn:PGN_1690","Other glycan degradation"
"1411","pgn:PGN_1693","Selenocompound metabolism"
"1412","pgn:PGN_1693","Metabolic pathways"
"1413","pgn:PGN_1695","Glycolysis / Gluconeogenesis"
"1414","pgn:PGN_1695","Pentose phosphate pathway"
"1415","pgn:PGN_1695","Fructose and mannose metabolism"
"1416","pgn:PGN_1695","Methane metabolism"
"1417","pgn:PGN_1695","Metabolic pathways"
"1418","pgn:PGN_1695","Biosynthesis of secondary metabolites"
"1419","pgn:PGN_1695","Microbial metabolism in diverse environments"
"1420","pgn:PGN_1695","Carbon metabolism"
"1421","pgn:PGN_1695","Biosynthesis of amino acids"
"1422","pgn:PGN_1698","Ribosome"
"1423","pgn:PGN_1699","ABC transporters"
"1424","pgn:PGN_1700","ABC transporters"
"1425","pgn:PGN_1702","Quorum sensing"
"1426","pgn:PGN_1702","Protein export"
"1427","pgn:PGN_1702","Bacterial secretion system"
"1428","pgn:PGN_1704","Fatty acid biosynthesis"
"1429","pgn:PGN_1704","Biotin metabolism"
"1430","pgn:PGN_1704","Metabolic pathways"
"1431","pgn:PGN_1704","Fatty acid metabolism"
"1432","pgn:PGN_1704","Biosynthesis of cofactors"
"1433","pgn:PGN_1705","Metabolic pathways"
"1434","pgn:PGN_1705","Biosynthesis of secondary metabolites"
"1435","pgn:PGN_1706","Purine metabolism"
"1436","pgn:PGN_1706","One carbon pool by folate"
"1437","pgn:PGN_1706","Metabolic pathways"
"1438","pgn:PGN_1706","Biosynthesis of secondary metabolites"
"1439","pgn:PGN_1711","Aminoacyl-tRNA biosynthesis"
"1440","pgn:PGN_1712","Base excision repair"
"1441","pgn:PGN_1714","Nucleotide excision repair"
"1442","pgn:PGN_1718","Lipopolysaccharide biosynthesis"
"1443","pgn:PGN_1718","Metabolic pathways"
"1444","pgn:PGN_1721","Biotin metabolism"
"1445","pgn:PGN_1721","Metabolic pathways"
"1446","pgn:PGN_1721","Biosynthesis of cofactors"
"1447","pgn:PGN_1722","Pyrimidine metabolism"
"1448","pgn:PGN_1722","Metabolic pathways"
"1449","pgn:PGN_1733","Quorum sensing"
"1450","pgn:PGN_1736","Starch and sucrose metabolism"
"1451","pgn:PGN_1736","Metabolic pathways"
"1452","pgn:PGN_1736","Biosynthesis of secondary metabolites"
"1453","pgn:PGN_1737","RNA degradation"
"1454","pgn:PGN_1738","Fatty acid biosynthesis"
"1455","pgn:PGN_1738","Fatty acid degradation"
"1456","pgn:PGN_1738","Metabolic pathways"
"1457","pgn:PGN_1738","Fatty acid metabolism"
"1458","pgn:PGN_1738","Quorum sensing"
"1459","pgn:PGN_1743","Glycolysis / Gluconeogenesis"
"1460","pgn:PGN_1743","Methane metabolism"
"1461","pgn:PGN_1743","Metabolic pathways"
"1462","pgn:PGN_1743","Biosynthesis of secondary metabolites"
"1463","pgn:PGN_1743","Microbial metabolism in diverse environments"
"1464","pgn:PGN_1743","Carbon metabolism"
"1465","pgn:PGN_1743","Biosynthesis of amino acids"
"1466","pgn:PGN_1743","RNA degradation"
"1467","pgn:PGN_t0045","Aminoacyl-tRNA biosynthesis"
"1468","pgn:PGN_1745","Nitrogen metabolism"
"1469","pgn:PGN_1745","Metabolic pathways"
"1470","pgn:PGN_1745","Microbial metabolism in diverse environments"
"1471","pgn:PGN_1746","Nitrogen metabolism"
"1472","pgn:PGN_1746","Metabolic pathways"
"1473","pgn:PGN_1746","Microbial metabolism in diverse environments"
"1474","pgn:PGN_1750","Lipopolysaccharide biosynthesis"
"1475","pgn:PGN_1750","Metabolic pathways"
"1476","pgn:PGN_1750","Biosynthesis of nucleotide sugars"
"1477","pgn:PGN_1751","DNA replication"
"1478","pgn:PGN_1752","Citrate cycle (TCA cycle)"
"1479","pgn:PGN_1752","Metabolic pathways"
"1480","pgn:PGN_1752","Biosynthesis of secondary metabolites"
"1481","pgn:PGN_1752","Microbial metabolism in diverse environments"
"1482","pgn:PGN_1752","Carbon metabolism"
"1483","pgn:PGN_1753","Glycolysis / Gluconeogenesis"
"1484","pgn:PGN_1753","Citrate cycle (TCA cycle)"
"1485","pgn:PGN_1753","Pyruvate metabolism"
"1486","pgn:PGN_1753","Butanoate metabolism"
"1487","pgn:PGN_1753","Metabolic pathways"
"1488","pgn:PGN_1753","Biosynthesis of secondary metabolites"
"1489","pgn:PGN_1753","Microbial metabolism in diverse environments"
"1490","pgn:PGN_1753","Carbon metabolism"
"1491","pgn:PGN_1755","Glycolysis / Gluconeogenesis"
"1492","pgn:PGN_1755","Citrate cycle (TCA cycle)"
"1493","pgn:PGN_1755","Pyruvate metabolism"
"1494","pgn:PGN_1755","Butanoate metabolism"
"1495","pgn:PGN_1755","Metabolic pathways"
"1496","pgn:PGN_1755","Biosynthesis of secondary metabolites"
"1497","pgn:PGN_1755","Microbial metabolism in diverse environments"
"1498","pgn:PGN_1755","Carbon metabolism"
"1499","pgn:PGN_1756","Citrate cycle (TCA cycle)"
"1500","pgn:PGN_1756","Metabolic pathways"
"1501","pgn:PGN_1756","Biosynthesis of secondary metabolites"
"1502","pgn:PGN_1756","Microbial metabolism in diverse environments"
"1503","pgn:PGN_1756","Carbon metabolism"
"1504","pgn:PGN_1757","Purine metabolism"
"1505","pgn:PGN_1757","Metabolic pathways"
"1506","pgn:PGN_1758","Oxidative phosphorylation"
"1507","pgn:PGN_1758","Metabolic pathways"
"1508","pgn:PGN_1759","Oxidative phosphorylation"
"1509","pgn:PGN_1759","Metabolic pathways"
"1510","pgn:PGN_1760","Oxidative phosphorylation"
"1511","pgn:PGN_1760","Metabolic pathways"
"1512","pgn:PGN_1761","Oxidative phosphorylation"
"1513","pgn:PGN_1761","Metabolic pathways"
"1514","pgn:PGN_1762","Oxidative phosphorylation"
"1515","pgn:PGN_1762","Metabolic pathways"
"1516","pgn:PGN_1764","Oxidative phosphorylation"
"1517","pgn:PGN_1764","Metabolic pathways"
"1518","pgn:PGN_1771","DNA replication"
"1519","pgn:PGN_1771","Base excision repair"
"1520","pgn:PGN_1771","Nucleotide excision repair"
"1521","pgn:PGN_1771","Homologous recombination"
"1522","pgn:PGN_1772","Starch and sucrose metabolism"
"1523","pgn:PGN_1772","Metabolic pathways"
"1524","pgn:PGN_1772","Biosynthesis of secondary metabolites"
"1525","pgn:PGN_1784","Pantothenate and CoA biosynthesis"
"1526","pgn:PGN_1784","Metabolic pathways"
"1527","pgn:PGN_1784","Biosynthesis of cofactors"
"1528","pgn:PGN_1785","DNA replication"
"1529","pgn:PGN_1785","Mismatch repair"
"1530","pgn:PGN_1785","Homologous recombination"
"1531","pgn:PGN_1786","DNA replication"
"1532","pgn:PGN_1786","Mismatch repair"
"1533","pgn:PGN_1786","Homologous recombination"
"1534","pgn:PGN_1787","One carbon pool by folate"
"1535","pgn:PGN_1787","Metabolic pathways"
"1536","pgn:PGN_1789","Pyrimidine metabolism"
"1537","pgn:PGN_1789","Metabolic pathways"
"1538","pgn:PGN_1792","Glycine, serine and threonine metabolism"
"1539","pgn:PGN_1792","Glycerolipid metabolism"
"1540","pgn:PGN_1792","Glyoxylate and dicarboxylate metabolism"
"1541","pgn:PGN_1792","Metabolic pathways"
"1542","pgn:PGN_1792","Biosynthesis of secondary metabolites"
"1543","pgn:PGN_1792","Microbial metabolism in diverse environments"
"1544","pgn:PGN_1800","Histidine metabolism"
"1545","pgn:PGN_1800","Metabolic pathways"
"1546","pgn:PGN_1805","Aminoacyl-tRNA biosynthesis"
"1547","pgn:PGN_1811","Other glycan degradation"
"1548","pgn:PGN_1812","Oxidative phosphorylation"
"1549","pgn:PGN_1812","RNA degradation"
"1550","pgn:PGN_1827","Cysteine and methionine metabolism"
"1551","pgn:PGN_1827","Biosynthesis of various plant secondary metabolites"
"1552","pgn:PGN_1827","Metabolic pathways"
"1553","pgn:PGN_1827","Biosynthesis of secondary metabolites"
"1554","pgn:PGN_1827","Biosynthesis of amino acids"
"1555","pgn:PGN_1827","Biosynthesis of cofactors"
"1556","pgn:PGN_1828","Thiamine metabolism"
"1557","pgn:PGN_1828","Metabolic pathways"
"1558","pgn:PGN_1828","Biosynthesis of cofactors"
"1559","pgn:PGN_1831","Thiamine metabolism"
"1560","pgn:PGN_1831","Metabolic pathways"
"1561","pgn:PGN_1833","Pyrimidine metabolism"
"1562","pgn:PGN_1833","Metabolic pathways"
"1563","pgn:PGN_1833","Biosynthesis of cofactors"
"1564","pgn:PGN_1840","Ribosome"
"1565","pgn:PGN_1841","RNA polymerase"
"1566","pgn:PGN_1842","Ribosome"
"1567","pgn:PGN_1843","Ribosome"
"1568","pgn:PGN_1844","Ribosome"
"1569","pgn:PGN_1845","Ribosome"
"1570","pgn:PGN_1848","Quorum sensing"
"1571","pgn:PGN_1848","Protein export"
"1572","pgn:PGN_1848","Bacterial secretion system"
"1573","pgn:PGN_1849","Ribosome"
"1574","pgn:PGN_1850","Ribosome"
"1575","pgn:PGN_1851","Ribosome"
"1576","pgn:PGN_1852","Ribosome"
"1577","pgn:PGN_1853","Ribosome"
"1578","pgn:PGN_1854","Ribosome"
"1579","pgn:PGN_1855","Ribosome"
"1580","pgn:PGN_1856","Ribosome"
"1581","pgn:PGN_1857","Ribosome"
"1582","pgn:PGN_1858","Ribosome"
"1583","pgn:PGN_1859","Ribosome"
"1584","pgn:PGN_1860","Ribosome"
"1585","pgn:PGN_1861","Ribosome"
"1586","pgn:PGN_1862","Ribosome"
"1587","pgn:PGN_1863","Ribosome"
"1588","pgn:PGN_1864","Ribosome"
"1589","pgn:PGN_1865","Ribosome"
"1590","pgn:PGN_1866","Ribosome"
"1591","pgn:PGN_1867","Ribosome"
"1592","pgn:PGN_1868","Ribosome"
"1593","pgn:PGN_1869","Ribosome"
"1594","pgn:PGN_1871","Ribosome"
"1595","pgn:PGN_1872","Ribosome"
"1596","pgn:PGN_1874","Phenylalanine, tyrosine and tryptophan biosynthesis"
"1597","pgn:PGN_1874","Metabolic pathways"
"1598","pgn:PGN_1874","Biosynthesis of secondary metabolites"
"1599","pgn:PGN_1874","Biosynthesis of amino acids"
"1600","pgn:PGN_1876","ABC transporters"
"1601","pgn:PGN_1880","Citrate cycle (TCA cycle)"
"1602","pgn:PGN_1880","Cysteine and methionine metabolism"
"1603","pgn:PGN_1880","Pyruvate metabolism"
"1604","pgn:PGN_1880","Glyoxylate and dicarboxylate metabolism"
"1605","pgn:PGN_1880","Methane metabolism"
"1606","pgn:PGN_1880","Metabolic pathways"
"1607","pgn:PGN_1880","Biosynthesis of secondary metabolites"
"1608","pgn:PGN_1880","Microbial metabolism in diverse environments"
"1609","pgn:PGN_1880","Carbon metabolism"
"1610","pgn:PGN_1883","Aminoacyl-tRNA biosynthesis"
"1611","pgn:PGN_1883","Metabolic pathways"
"1612","pgn:PGN_1890","Ribosome"
"1613","pgn:PGN_1891","Ribosome"
"1614","pgn:PGN_1903","Mismatch repair"
"1615","pgn:PGN_1916","ABC transporters"
"1616","pgn:PGN_1917","ABC transporters"
"1617","pgn:PGN_1938","Nucleotide excision repair"
"1618","pgn:PGN_1941","Pentose phosphate pathway"
"1619","pgn:PGN_1941","Metabolic pathways"
"1620","pgn:PGN_1943","Terpenoid backbone biosynthesis"
"1621","pgn:PGN_1943","Biosynthesis of secondary metabolites"
"1622","pgn:PGN_1945","Protein export"
"1623","pgn:PGN_1946","Protein export"
"1624","pgn:PGN_1947","Monobactam biosynthesis"
"1625","pgn:PGN_1947","Lysine biosynthesis"
"1626","pgn:PGN_1947","Metabolic pathways"
"1627","pgn:PGN_1947","Biosynthesis of secondary metabolites"
"1628","pgn:PGN_1947","Microbial metabolism in diverse environments"
"1629","pgn:PGN_1947","Biosynthesis of amino acids"
"1630","pgn:PGN_1948","Purine metabolism"
"1631","pgn:PGN_1948","Metabolic pathways"
"1632","pgn:PGN_1954","Homologous recombination"
"1633","pgn:PGN_1955","Glycolysis / Gluconeogenesis"
"1634","pgn:PGN_1955","Pentose phosphate pathway"
"1635","pgn:PGN_1955","Galactose metabolism"
"1636","pgn:PGN_1955","Purine metabolism"
"1637","pgn:PGN_1955","Starch and sucrose metabolism"
"1638","pgn:PGN_1955","Amino sugar and nucleotide sugar metabolism"
"1639","pgn:PGN_1955","Streptomycin biosynthesis"
"1640","pgn:PGN_1955","Metabolic pathways"
"1641","pgn:PGN_1955","Biosynthesis of secondary metabolites"
"1642","pgn:PGN_1955","Microbial metabolism in diverse environments"
"1643","pgn:PGN_1955","Biosynthesis of nucleotide sugars"
"1644","pgn:PGN_1969","One carbon pool by folate"
"1645","pgn:PGN_1969","Aminoacyl-tRNA biosynthesis"
"1646","pgn:PGN_1969","Metabolic pathways"
"1647","pgn:PGN_t0046","Aminoacyl-tRNA biosynthesis"
"1648","pgn:PGN_1970","Cationic antimicrobial peptide (CAMP) resistance"
"1649","pgn:PGN_1973","Porphyrin metabolism"
"1650","pgn:PGN_1973","Metabolic pathways"
"1651","pgn:PGN_1973","Biosynthesis of cofactors"
"1652","pgn:PGN_1979","Homologous recombination"
"1653","pgn:PGN_1980","Alanine, aspartate and glutamate metabolism"
"1654","pgn:PGN_1980","Nitrogen metabolism"
"1655","pgn:PGN_1980","Metabolic pathways"
"1656","pgn:PGN_1980","Biosynthesis of secondary metabolites"
"1657","pgn:PGN_1980","Microbial metabolism in diverse environments"
"1658","pgn:PGN_1980","Biosynthesis of amino acids"
"1659","pgn:PGN_1996","Monobactam biosynthesis"
"1660","pgn:PGN_1996","Lysine biosynthesis"
"1661","pgn:PGN_1996","Metabolic pathways"
"1662","pgn:PGN_1996","Biosynthesis of secondary metabolites"
"1663","pgn:PGN_1996","Microbial metabolism in diverse environments"
"1664","pgn:PGN_1996","Biosynthesis of amino acids"
"1665","pgn:PGN_1997","Biotin metabolism"
"1666","pgn:PGN_1997","Metabolic pathways"
"1667","pgn:PGN_1997","Biosynthesis of cofactors"
"1668","pgn:PGN_1999","Pyrimidine metabolism"
"1669","pgn:PGN_1999","Metabolic pathways"
"1670","pgn:PGN_1999","Biosynthesis of cofactors"
"1671","pgn:PGN_t0047","Aminoacyl-tRNA biosynthesis"
"1672","pgn:PGN_2003","Base excision repair"
"1673","pgn:PGN_2003","Mismatch repair"
"1674","pgn:PGN_2003","Homologous recombination"
"1675","pgn:PGN_2006","Nicotinate and nicotinamide metabolism"
"1676","pgn:PGN_2006","Metabolic pathways"
"1677","pgn:PGN_2006","Biosynthesis of cofactors"
"1678","pgn:PGN_2007","Nicotinate and nicotinamide metabolism"
"1679","pgn:PGN_2007","Metabolic pathways"
"1680","pgn:PGN_2007","Biosynthesis of cofactors"
"1681","pgn:PGN_2018","Lipopolysaccharide biosynthesis"
"1682","pgn:PGN_2018","Metabolic pathways"
"1683","pgn:PGN_2018","Cationic antimicrobial peptide (CAMP) resistance"
"1684","pgn:PGN_2019","Fatty acid biosynthesis"
"1685","pgn:PGN_2019","Lipopolysaccharide biosynthesis"
"1686","pgn:PGN_2019","Metabolic pathways"
"1687","pgn:PGN_2019","Fatty acid metabolism"
"1688","pgn:PGN_2020","Lipopolysaccharide biosynthesis"
"1689","pgn:PGN_2020","Metabolic pathways"
"1690","pgn:PGN_2021","Pyrimidine metabolism"
"1691","pgn:PGN_2021","Metabolic pathways"
"1692","pgn:PGN_2021","Biosynthesis of cofactors"
"1693","pgn:PGN_2023","Purine metabolism"
"1694","pgn:PGN_2023","Metabolic pathways"
"1695","pgn:PGN_2023","Biosynthesis of secondary metabolites"
"1696","pgn:PGN_2031","Glycine, serine and threonine metabolism"
"1697","pgn:PGN_2031","Cysteine and methionine metabolism"
"1698","pgn:PGN_2031","Metabolic pathways"
"1699","pgn:PGN_2031","Biosynthesis of secondary metabolites"
"1700","pgn:PGN_2031","Carbon metabolism"
"1701","pgn:PGN_2031","Biosynthesis of amino acids"
"1702","pgn:PGN_2032","Galactose metabolism"
"1703","pgn:PGN_2032","Glycerolipid metabolism"
"1704","pgn:PGN_2032","Sphingolipid metabolism"
"1705","pgn:PGN_2032","Metabolic pathways"
"1706","pgn:PGN_2033","RNA degradation"
"1707","pgn:PGN_2034","Lipopolysaccharide biosynthesis"
"1708","pgn:PGN_2034","Metabolic pathways"
"1709","pgn:PGN_2034","Biosynthesis of nucleotide sugars"
"1710","pgn:PGN_2042","Mismatch repair"
"1711","pgn:PGN_2045","Aminoacyl-tRNA biosynthesis"
"1712","pgn:PGN_r0010","Ribosome"
"1713","pgn:PGN_t0048","Aminoacyl-tRNA biosynthesis"
"1714","pgn:PGN_t0049","Aminoacyl-tRNA biosynthesis"
"1715","pgn:PGN_r0011","Ribosome"
"1716","pgn:PGN_r0012","Ribosome"
"1717","pgn:PGN_2054","Glycerophospholipid metabolism"
"1718","pgn:PGN_2054","Metabolic pathways"
"1719","pgn:PGN_2060","Aminoacyl-tRNA biosynthesis"
"1720","pgn:PGN_2061","One carbon pool by folate"
"1721","pgn:PGN_2061","Folate biosynthesis"
"1722","pgn:PGN_2061","Metabolic pathways"
"1723","pgn:PGN_2061","Biosynthesis of cofactors"
"1724","pgn:PGN_2062","Pyrimidine metabolism"
"1725","pgn:PGN_2062","One carbon pool by folate"
"1726","pgn:PGN_2062","Metabolic pathways"
"1727","pgn:PGN_2071","Pantothenate and CoA biosynthesis"
"1728","pgn:PGN_2071","Metabolic pathways"
"1729","pgn:PGN_2071","Biosynthesis of secondary metabolites"
"1730","pgn:PGN_2071","Biosynthesis of cofactors"
"1731","pgn:PGN_2075","Nucleotide excision repair"
"1732","pgn:PGN_t0050","Aminoacyl-tRNA biosynthesis"
"1733","pgn:PGN_t0051","Aminoacyl-tRNA biosynthesis"
"1734","pgn:PGN_t0052","Aminoacyl-tRNA biosynthesis"
"1735","pgn:PGN_2079","Fructose and mannose metabolism"
"1736","pgn:PGN_2079","Amino sugar and nucleotide sugar metabolism"
"1737","pgn:PGN_2079","O-Antigen nucleotide sugar biosynthesis"
"1738","pgn:PGN_2079","Metabolic pathways"
"1739","pgn:PGN_2079","Biosynthesis of secondary metabolites"
"1740","pgn:PGN_2079","Biosynthesis of nucleotide sugars"
"1741","pgn:PGN_2081","Thiamine metabolism"
"1742","pgn:PGN_2081","Terpenoid backbone biosynthesis"
"1743","pgn:PGN_2081","Metabolic pathways"
"1744","pgn:PGN_2081","Biosynthesis of secondary metabolites"
"1745","pgn:PGN_t0053","Aminoacyl-tRNA biosynthesis"
"1746","pgn:PGN_2086","Lipopolysaccharide biosynthesis"
"1747","pgn:PGN_2086","Metabolic pathways"
